[
  {
    "node": "8e8e88ae1eb8",
    "algorithm": "broadcast",
    "start_time": 1748427276.469805,
    "receive_time": 1748427276.469805
  },
  {
    "node": "6d88b07f99ba",
    "algorithm": "broadcast",
    "start_time": 1748427276.479776,
    "receive_time": 1748427276.479776
  },
  {
    "node": "da219874774b",
    "algorithm": "broadcast",
    "start_time": 1748427276.4996872,
    "receive_time": 1748427276.4996872
  },
  {
    "node": "7765c7e31c5b",
    "algorithm": "broadcast",
    "start_time": 1748427276.4833982,
    "receive_time": 1748427276.4833982
  },
  {
    "node": "c368c4849d08",
    "algorithm": "broadcast",
    "start_time": 1748427276.4826114,
    "receive_time": 1748427276.4826114
  },
  {
    "node": "66f2a80e5e12",
    "algorithm": "broadcast",
    "start_time": 1748427276.483881,
    "receive_time": 1748427276.483881
  },
  {
    "node": "d6a1c546c937",
    "algorithm": "broadcast",
    "start_time": 1748427276.4830165,
    "receive_time": 1748427276.4830165
  },
  {
    "node": "203985145eda",
    "algorithm": "broadcast",
    "start_time": 1748427276.4999747,
    "receive_time": 1748427276.4999747
  },
  {
    "node": "7572c4c3953b",
    "algorithm": "broadcast",
    "start_time": 1748427276.481014,
    "receive_time": 1748427276.481014
  },
  {
    "node": "7b09d9b07064",
    "algorithm": "broadcast",
    "start_time": 1748427276.486103,
    "receive_time": 1748427276.486103
  },
  {
    "node": "992778b6a5cb",
    "algorithm": "broadcast",
    "start_time": 1748427276.502741,
    "receive_time": 1748427276.502741
  },
  {
    "node": "a1313739b803",
    "algorithm": "broadcast",
    "start_time": 1748427276.486666,
    "receive_time": 1748427276.486666
  },
  {
    "node": "216ec547a0c6",
    "algorithm": "broadcast",
    "start_time": 1748427276.4796798,
    "receive_time": 1748427276.4796798
  },
  {
    "node": "767098aad8e1",
    "algorithm": "broadcast",
    "start_time": 1748427276.4870064,
    "receive_time": 1748427276.4870064
  },
  {
    "node": "1185ac117f83",
    "algorithm": "broadcast",
    "start_time": 1748427276.4835927,
    "receive_time": 1748427276.4835927
  },
  {
    "node": "4c73e086271a",
    "algorithm": "broadcast",
    "start_time": 1748427276.4789836,
    "receive_time": 1748427276.4789836
  },
  {
    "node": "d4bb187646bc",
    "algorithm": "broadcast",
    "start_time": 1748427276.486447,
    "receive_time": 1748427276.486447
  },
  {
    "node": "5985bfc19a71",
    "algorithm": "broadcast",
    "start_time": 1748427276.5000663,
    "receive_time": 1748427276.5000663
  },
  {
    "node": "1a3ccf0cf6da",
    "algorithm": "broadcast",
    "start_time": 1748427276.4793282,
    "receive_time": 1748427276.4793282
  },
  {
    "node": "eb470170b562",
    "algorithm": "broadcast",
    "start_time": 1748427276.485316,
    "receive_time": 1748427276.485316
  },
  {
    "node": "b94f99271d39",
    "algorithm": "broadcast",
    "start_time": 1748427276.4821448,
    "receive_time": 1748427276.4821448
  },
  {
    "node": "f7461a7bc5e6",
    "algorithm": "broadcast",
    "start_time": 1748427276.500619,
    "receive_time": 1748427276.500619
  },
  {
    "node": "81ebd276a395",
    "algorithm": "broadcast",
    "start_time": 1748427276.5184724,
    "receive_time": 1748427276.5184724
  },
  {
    "node": "d93b297b3a9e",
    "algorithm": "broadcast",
    "start_time": 1748427276.5169542,
    "receive_time": 1748427276.5169542
  },
  {
    "node": "203ca4a18b3b",
    "algorithm": "broadcast",
    "start_time": 1748427276.503934,
    "receive_time": 1748427276.503934
  },
  {
    "node": "d34ebf177e6c",
    "algorithm": "broadcast",
    "start_time": 1748427276.5015724,
    "receive_time": 1748427276.5015724
  },
  {
    "node": "bdcc736ab5cd",
    "algorithm": "broadcast",
    "start_time": 1748427276.518902,
    "receive_time": 1748427276.518902
  },
  {
    "node": "e7855f4f4184",
    "algorithm": "broadcast",
    "start_time": 1748427276.4846516,
    "receive_time": 1748427276.4846516
  },
  {
    "node": "27ca3ead9860",
    "algorithm": "broadcast",
    "start_time": 1748427276.490213,
    "receive_time": 1748427276.490213
  },
  {
    "node": "28300c05cf75",
    "algorithm": "broadcast",
    "start_time": 1748427276.484738,
    "receive_time": 1748427276.484738
  },
  {
    "node": "d3a485e9b5d3",
    "algorithm": "broadcast",
    "start_time": 1748427276.5165927,
    "receive_time": 1748427276.5165927
  },
  {
    "node": "a1f50599b24d",
    "algorithm": "broadcast",
    "start_time": 1748427276.4866982,
    "receive_time": 1748427276.4866982
  },
  {
    "node": "bf45395da607",
    "algorithm": "broadcast",
    "start_time": 1748427276.483046,
    "receive_time": 1748427276.483046
  },
  {
    "node": "612243eb5ada",
    "algorithm": "broadcast",
    "start_time": 1748427276.5161524,
    "receive_time": 1748427276.5161524
  },
  {
    "node": "39a7ef7c897d",
    "algorithm": "broadcast",
    "start_time": 1748427276.486826,
    "receive_time": 1748427276.486826
  },
  {
    "node": "b23b92e29556",
    "algorithm": "broadcast",
    "start_time": 1748427276.5201592,
    "receive_time": 1748427276.5201592
  },
  {
    "node": "b09801ac4b39",
    "algorithm": "broadcast",
    "start_time": 1748427276.5054836,
    "receive_time": 1748427276.5054836
  },
  {
    "node": "9bbd6fe2df16",
    "algorithm": "broadcast",
    "start_time": 1748427276.4950273,
    "receive_time": 1748427276.4950273
  },
  {
    "node": "44473fdc447c",
    "algorithm": "broadcast",
    "start_time": 1748427276.5190144,
    "receive_time": 1748427276.5190144
  },
  {
    "node": "0c1e25750d37",
    "algorithm": "broadcast",
    "start_time": 1748427276.520068,
    "receive_time": 1748427276.520068
  },
  {
    "node": "6b2aad27a0bb",
    "algorithm": "broadcast",
    "start_time": 1748427276.4812582,
    "receive_time": 1748427276.4812582
  },
  {
    "node": "135a9982c84f",
    "algorithm": "broadcast",
    "start_time": 1748427276.500522,
    "receive_time": 1748427276.500522
  },
  {
    "node": "058e26f05976",
    "algorithm": "broadcast",
    "start_time": 1748427276.5030901,
    "receive_time": 1748427276.5030901
  },
  {
    "node": "aff184f47cd1",
    "algorithm": "broadcast",
    "start_time": 1748427276.487849,
    "receive_time": 1748427276.487849
  },
  {
    "node": "82643701417f",
    "algorithm": "broadcast",
    "start_time": 1748427276.503572,
    "receive_time": 1748427276.503572
  },
  {
    "node": "b109985ecd1f",
    "algorithm": "broadcast",
    "start_time": 1748427276.5189192,
    "receive_time": 1748427276.5189192
  },
  {
    "node": "6dfe61ad929e",
    "algorithm": "broadcast",
    "start_time": 1748427276.5142217,
    "receive_time": 1748427276.5142217
  },
  {
    "node": "9ede13378129",
    "algorithm": "broadcast",
    "start_time": 1748427276.5045514,
    "receive_time": 1748427276.5045514
  },
  {
    "node": "5048b0675cd2",
    "algorithm": "broadcast",
    "start_time": 1748427276.5204792,
    "receive_time": 1748427276.5204792
  },
  {
    "node": "e7dd6e993e9d",
    "algorithm": "broadcast",
    "start_time": 1748427276.521063,
    "receive_time": 1748427276.521063
  },
  {
    "node": "b89354cef69a",
    "algorithm": "broadcast",
    "start_time": 1748427276.5181334,
    "receive_time": 1748427276.5181334
  },
  {
    "node": "2403bb95d2ac",
    "algorithm": "broadcast",
    "start_time": 1748427276.5015302,
    "receive_time": 1748427276.5015302
  },
  {
    "node": "5ae7fbdb720c",
    "algorithm": "broadcast",
    "start_time": 1748427276.5161076,
    "receive_time": 1748427276.5161076
  },
  {
    "node": "789a646f456b",
    "algorithm": "broadcast",
    "start_time": 1748427325.2347682,
    "receive_time": 1748427325.2347682
  },
  {
    "node": "e3031f2fff5b",
    "algorithm": "broadcast",
    "start_time": 1748427325.2306442,
    "receive_time": 1748427325.2306442
  },
  {
    "node": "ec3e0c11d327",
    "algorithm": "broadcast",
    "start_time": 1748427325.2309778,
    "receive_time": 1748427325.2309778
  },
  {
    "node": "c418c4b6f4e2",
    "algorithm": "broadcast",
    "start_time": 1748427325.2341866,
    "receive_time": 1748427325.2341866
  },
  {
    "node": "b362722cc17d",
    "algorithm": "broadcast",
    "start_time": 1748427329.0454433,
    "receive_time": 1748427329.0454433
  },
  {
    "node": "a5fdbd50c3ec",
    "algorithm": "broadcast",
    "start_time": 1748427338.7891428,
    "receive_time": 1748427338.7891428
  },
  {
    "node": "27ece729185e",
    "algorithm": "broadcast",
    "start_time": 1748427338.7906423,
    "receive_time": 1748427338.7906423
  },
  {
    "node": "1ddcd38a6c6e",
    "algorithm": "broadcast",
    "start_time": 1748427338.9958856,
    "receive_time": 1748427338.9958856
  },
  {
    "node": "6ee639adde6e",
    "algorithm": "broadcast",
    "start_time": 1748427339.015809,
    "receive_time": 1748427339.015809
  },
  {
    "node": "1c2bb7bfea83",
    "algorithm": "broadcast",
    "start_time": 1748427339.0010722,
    "receive_time": 1748427339.0010722
  },
  {
    "node": "549a892d1e69",
    "algorithm": "broadcast",
    "start_time": 1748427339.0170753,
    "receive_time": 1748427339.0170753
  },
  {
    "node": "d60d1665725f",
    "algorithm": "broadcast",
    "start_time": 1748427338.7902105,
    "receive_time": 1748427338.7902105
  },
  {
    "node": "d1f9b1f681e6",
    "algorithm": "broadcast",
    "start_time": 1748427339.7502449,
    "receive_time": 1748427339.7502449
  },
  {
    "node": "35aeec58a420",
    "algorithm": "broadcast",
    "start_time": 1748427338.9968722,
    "receive_time": 1748427338.9968722
  },
  {
    "node": "49ff3f34df8e",
    "algorithm": "broadcast",
    "start_time": 1748427339.7470279,
    "receive_time": 1748427339.7470279
  },
  {
    "node": "cf8db68cb174",
    "algorithm": "broadcast",
    "start_time": 1748427338.795195,
    "receive_time": 1748427338.795195
  },
  {
    "node": "ab90abdcc0c4",
    "algorithm": "broadcast",
    "start_time": 1748427338.7713478,
    "receive_time": 1748427338.7713478
  },
  {
    "node": "0d39547997c2",
    "algorithm": "broadcast",
    "start_time": 1748427351.8181458,
    "receive_time": 1748427351.8181458
  },
  {
    "node": "e5a424af8e88",
    "algorithm": "broadcast",
    "start_time": 1748427351.121287,
    "receive_time": 1748427351.121287
  },
  {
    "node": "7b94aa4f8af4",
    "algorithm": "broadcast",
    "start_time": 1748427351.8177896,
    "receive_time": 1748427351.8177896
  },
  {
    "node": "b5bf4ddba481",
    "algorithm": "broadcast",
    "start_time": 1748427368.1382773,
    "receive_time": 1748427368.1382773
  },
  {
    "node": "325599d954b7",
    "algorithm": "broadcast",
    "start_time": 1748427369.4920592,
    "receive_time": 1748427369.4920592
  },
  {
    "node": "2ef7b312e536",
    "algorithm": "broadcast",
    "start_time": 1748427375.7247593,
    "receive_time": 1748427375.7247593
  },
  {
    "node": "5f79a855d515",
    "algorithm": "broadcast",
    "start_time": 1748427376.0572789,
    "receive_time": 1748427376.0572789
  }
]