[
  {
    "node": "962b75f23d6b",
    "algorithm": "broadcast",
    "start_time": 1748426593.695753,
    "receive_time": 1748426593.695753
  },
  {
    "node": "c9c0dd0d679d",
    "algorithm": "broadcast",
    "start_time": 1748426593.687854,
    "receive_time": 1748426593.687854
  },
  {
    "node": "deaa2e6135ba",
    "algorithm": "broadcast",
    "start_time": 1748426593.694023,
    "receive_time": 1748426593.694023
  },
  {
    "node": "d3c51acc5085",
    "algorithm": "broadcast",
    "start_time": 1748426593.6942658,
    "receive_time": 1748426593.6942658
  },
  {
    "node": "a3abc8601424",
    "algorithm": "broadcast",
    "start_time": 1748426593.7260742,
    "receive_time": 1748426593.7260742
  },
  {
    "node": "d0643bb56a7f",
    "algorithm": "broadcast",
    "start_time": 1748426593.698231,
    "receive_time": 1748426593.698231
  },
  {
    "node": "40d219f84e9b",
    "algorithm": "broadcast",
    "start_time": 1748426593.6852293,
    "receive_time": 1748426593.6852293
  },
  {
    "node": "c74cf3b4af80",
    "algorithm": "broadcast",
    "start_time": 1748426593.701819,
    "receive_time": 1748426593.701819
  },
  {
    "node": "5e9352387686",
    "algorithm": "broadcast",
    "start_time": 1748426593.6853564,
    "receive_time": 1748426593.6853564
  },
  {
    "node": "944f055fed5c",
    "algorithm": "broadcast",
    "start_time": 1748426593.6821437,
    "receive_time": 1748426593.6821437
  },
  {
    "node": "4f51a970d1df",
    "algorithm": "broadcast",
    "start_time": 1748426593.6865246,
    "receive_time": 1748426593.6865246
  },
  {
    "node": "6abd10982da7",
    "algorithm": "broadcast",
    "start_time": 1748426593.6916263,
    "receive_time": 1748426593.6916263
  },
  {
    "node": "83b390d89759",
    "algorithm": "broadcast",
    "start_time": 1748426593.6998062,
    "receive_time": 1748426593.6998062
  },
  {
    "node": "83b777716041",
    "algorithm": "broadcast",
    "start_time": 1748426593.700123,
    "receive_time": 1748426593.700123
  },
  {
    "node": "47549f28ab66",
    "algorithm": "broadcast",
    "start_time": 1748426593.695098,
    "receive_time": 1748426593.695098
  },
  {
    "node": "be76cd8b9332",
    "algorithm": "broadcast",
    "start_time": 1748426593.6798468,
    "receive_time": 1748426593.6798468
  },
  {
    "node": "552ac1943ec9",
    "algorithm": "broadcast",
    "start_time": 1748426593.7096765,
    "receive_time": 1748426593.7096765
  },
  {
    "node": "74bde6eb6f63",
    "algorithm": "broadcast",
    "start_time": 1748426593.7196524,
    "receive_time": 1748426593.7196524
  },
  {
    "node": "f88bce4ee21d",
    "algorithm": "broadcast",
    "start_time": 1748426593.680776,
    "receive_time": 1748426593.680776
  },
  {
    "node": "899f31203a11",
    "algorithm": "broadcast",
    "start_time": 1748426593.6996045,
    "receive_time": 1748426593.6996045
  },
  {
    "node": "d8f61c2dd4ab",
    "algorithm": "broadcast",
    "start_time": 1748426593.701696,
    "receive_time": 1748426593.701696
  },
  {
    "node": "880b8a8a8b61",
    "algorithm": "broadcast",
    "start_time": 1748426593.700112,
    "receive_time": 1748426593.700112
  },
  {
    "node": "40bffb073e94",
    "algorithm": "broadcast",
    "start_time": 1748426593.7220843,
    "receive_time": 1748426593.7220843
  },
  {
    "node": "475ea858cd00",
    "algorithm": "broadcast",
    "start_time": 1748426593.6860332,
    "receive_time": 1748426593.6860332
  },
  {
    "node": "a8da9ac8e1b3",
    "algorithm": "broadcast",
    "start_time": 1748426593.6835172,
    "receive_time": 1748426593.6835172
  },
  {
    "node": "36f5a7c852c6",
    "algorithm": "broadcast",
    "start_time": 1748426593.719015,
    "receive_time": 1748426593.719015
  },
  {
    "node": "ea9c30617186",
    "algorithm": "broadcast",
    "start_time": 1748426593.6944814,
    "receive_time": 1748426593.6944814
  },
  {
    "node": "751377dd5c0a",
    "algorithm": "broadcast",
    "start_time": 1748426593.7021592,
    "receive_time": 1748426593.7021592
  },
  {
    "node": "d5085b545e86",
    "algorithm": "broadcast",
    "start_time": 1748426593.6957026,
    "receive_time": 1748426593.6957026
  },
  {
    "node": "d3227e216dde",
    "algorithm": "broadcast",
    "start_time": 1748426593.682561,
    "receive_time": 1748426593.682561
  },
  {
    "node": "3839a2c4fa10",
    "algorithm": "broadcast",
    "start_time": 1748426593.716802,
    "receive_time": 1748426593.716802
  },
  {
    "node": "1ffbb3cb8194",
    "algorithm": "broadcast",
    "start_time": 1748426593.695407,
    "receive_time": 1748426593.695407
  },
  {
    "node": "8bc7b93027ae",
    "algorithm": "broadcast",
    "start_time": 1748426593.7183332,
    "receive_time": 1748426593.7183332
  },
  {
    "node": "ea85194fc1c0",
    "algorithm": "broadcast",
    "start_time": 1748426593.7054324,
    "receive_time": 1748426593.7054324
  },
  {
    "node": "69587319937b",
    "algorithm": "broadcast",
    "start_time": 1748426593.6965508,
    "receive_time": 1748426593.6965508
  },
  {
    "node": "f0ad3d6a01fd",
    "algorithm": "broadcast",
    "start_time": 1748426593.7005196,
    "receive_time": 1748426593.7005196
  },
  {
    "node": "7eb23b2fad56",
    "algorithm": "broadcast",
    "start_time": 1748426593.711068,
    "receive_time": 1748426593.711068
  },
  {
    "node": "9b27d720ad96",
    "algorithm": "broadcast",
    "start_time": 1748426593.7125292,
    "receive_time": 1748426593.7125292
  },
  {
    "node": "e6b108ab70fa",
    "algorithm": "broadcast",
    "start_time": 1748426593.7160769,
    "receive_time": 1748426593.7160769
  },
  {
    "node": "e9e22c9f5ee7",
    "algorithm": "broadcast",
    "start_time": 1748426593.7202845,
    "receive_time": 1748426593.7202845
  },
  {
    "node": "20a695426322",
    "algorithm": "broadcast",
    "start_time": 1748426593.698332,
    "receive_time": 1748426593.698332
  },
  {
    "node": "0f7f309fcf15",
    "algorithm": "broadcast",
    "start_time": 1748426593.7079046,
    "receive_time": 1748426593.7079046
  },
  {
    "node": "501f5f2f9493",
    "algorithm": "broadcast",
    "start_time": 1748426593.7011032,
    "receive_time": 1748426593.7011032
  },
  {
    "node": "9e3a9a57defa",
    "algorithm": "broadcast",
    "start_time": 1748426593.6851528,
    "receive_time": 1748426593.6851528
  },
  {
    "node": "0186b835bf5d",
    "algorithm": "broadcast",
    "start_time": 1748426593.7250648,
    "receive_time": 1748426593.7250648
  },
  {
    "node": "2f7a7d184307",
    "algorithm": "broadcast",
    "start_time": 1748426593.6963775,
    "receive_time": 1748426593.6963775
  },
  {
    "node": "acd262cb7c43",
    "algorithm": "broadcast",
    "start_time": 1748426593.7129748,
    "receive_time": 1748426593.7129748
  },
  {
    "node": "b4421c8f2657",
    "algorithm": "broadcast",
    "start_time": 1748426593.7038627,
    "receive_time": 1748426593.7038627
  },
  {
    "node": "60e7f751b15b",
    "algorithm": "broadcast",
    "start_time": 1748426593.7211475,
    "receive_time": 1748426593.7211475
  },
  {
    "node": "b6dfcff876ce",
    "algorithm": "broadcast",
    "start_time": 1748426593.7174835,
    "receive_time": 1748426593.7174835
  },
  {
    "node": "d6bdd5c1eabf",
    "algorithm": "broadcast",
    "start_time": 1748426593.6827936,
    "receive_time": 1748426593.6827936
  },
  {
    "node": "8772de0e26d8",
    "algorithm": "broadcast",
    "start_time": 1748426593.7092772,
    "receive_time": 1748426593.7092772
  },
  {
    "node": "e84aef7fd1f3",
    "algorithm": "broadcast",
    "start_time": 1748426593.6834364,
    "receive_time": 1748426593.6834364
  },
  {
    "node": "2d6d409ec13b",
    "algorithm": "broadcast",
    "start_time": 1748426593.702466,
    "receive_time": 1748426593.702466
  },
  {
    "node": "50c0abbeee13",
    "algorithm": "broadcast",
    "start_time": 1748426593.722425,
    "receive_time": 1748426593.722425
  },
  {
    "node": "1bbcdc047914",
    "algorithm": "broadcast",
    "start_time": 1748426593.7077136,
    "receive_time": 1748426593.7077136
  },
  {
    "node": "0ecee26f9fa5",
    "algorithm": "broadcast",
    "start_time": 1748426593.6881008,
    "receive_time": 1748426593.6881008
  },
  {
    "node": "2b0a49c7211f",
    "algorithm": "broadcast",
    "start_time": 1748426593.6920583,
    "receive_time": 1748426593.6920583
  },
  {
    "node": "008b6651bbc6",
    "algorithm": "broadcast",
    "start_time": 1748426593.684779,
    "receive_time": 1748426593.684779
  },
  {
    "node": "41f76820f681",
    "algorithm": "broadcast",
    "start_time": 1748426593.7045083,
    "receive_time": 1748426593.7045083
  },
  {
    "node": "2ce065295981",
    "algorithm": "broadcast",
    "start_time": 1748426593.6937368,
    "receive_time": 1748426593.6937368
  },
  {
    "node": "3cd059dca8c5",
    "algorithm": "broadcast",
    "start_time": 1748426593.6999407,
    "receive_time": 1748426593.6999407
  },
  {
    "node": "b1c02019ee63",
    "algorithm": "broadcast",
    "start_time": 1748426666.0078952,
    "receive_time": 1748426666.0078952
  },
  {
    "node": "612487e1c2c5",
    "algorithm": "broadcast",
    "start_time": 1748426666.010269,
    "receive_time": 1748426666.010269
  },
  {
    "node": "a5fd9928e298",
    "algorithm": "broadcast",
    "start_time": 1748426666.0118935,
    "receive_time": 1748426666.0118935
  },
  {
    "node": "0875098f070e",
    "algorithm": "broadcast",
    "start_time": 1748426666.0112548,
    "receive_time": 1748426666.0112548
  },
  {
    "node": "335d50320976",
    "algorithm": "broadcast",
    "start_time": 1748426666.0100431,
    "receive_time": 1748426666.0100431
  },
  {
    "node": "a0ec77a44d89",
    "algorithm": "broadcast",
    "start_time": 1748426666.0111947,
    "receive_time": 1748426666.0111947
  },
  {
    "node": "c73b40abcc71",
    "algorithm": "broadcast",
    "start_time": 1748426666.0098972,
    "receive_time": 1748426666.0098972
  },
  {
    "node": "349dfd6cfcef",
    "algorithm": "broadcast",
    "start_time": 1748426666.054296,
    "receive_time": 1748426666.054296
  },
  {
    "node": "560547d3a83f",
    "algorithm": "broadcast",
    "start_time": 1748426666.0113277,
    "receive_time": 1748426666.0113277
  },
  {
    "node": "6b076f3850b3",
    "algorithm": "broadcast",
    "start_time": 1748426666.0133345,
    "receive_time": 1748426666.0133345
  },
  {
    "node": "70b89a43aa7e",
    "algorithm": "broadcast",
    "start_time": 1748426666.0546632,
    "receive_time": 1748426666.0546632
  },
  {
    "node": "f18b64873342",
    "algorithm": "broadcast",
    "start_time": 1748426666.0604527,
    "receive_time": 1748426666.0604527
  },
  {
    "node": "b23bc6f2ab0f",
    "algorithm": "broadcast",
    "start_time": 1748426666.0546136,
    "receive_time": 1748426666.0546136
  },
  {
    "node": "fd2a7053a13f",
    "algorithm": "broadcast",
    "start_time": 1748426666.053716,
    "receive_time": 1748426666.053716
  },
  {
    "node": "3bccc8eb25ad",
    "algorithm": "broadcast",
    "start_time": 1748426666.012756,
    "receive_time": 1748426666.012756
  },
  {
    "node": "2b41630bdea3",
    "algorithm": "broadcast",
    "start_time": 1748426666.0635448,
    "receive_time": 1748426666.0635448
  },
  {
    "node": "c1a1af1249f8",
    "algorithm": "broadcast",
    "start_time": 1748426666.0583282,
    "receive_time": 1748426666.0583282
  },
  {
    "node": "d5ef5b3ff46e",
    "algorithm": "broadcast",
    "start_time": 1748426666.0556448,
    "receive_time": 1748426666.0556448
  },
  {
    "node": "862343ddc3a4",
    "algorithm": "broadcast",
    "start_time": 1748426666.0570264,
    "receive_time": 1748426666.0570264
  },
  {
    "node": "168e2694a2ae",
    "algorithm": "broadcast",
    "start_time": 1748426666.0570896,
    "receive_time": 1748426666.0570896
  },
  {
    "node": "321ca696b4fd",
    "algorithm": "broadcast",
    "start_time": 1748426666.0136096,
    "receive_time": 1748426666.0136096
  },
  {
    "node": "b7aff7d22ef5",
    "algorithm": "broadcast",
    "start_time": 1748426666.0564158,
    "receive_time": 1748426666.0564158
  },
  {
    "node": "a0a7577bfae3",
    "algorithm": "broadcast",
    "start_time": 1748426666.062935,
    "receive_time": 1748426666.062935
  },
  {
    "node": "f7cdd78d71ef",
    "algorithm": "broadcast",
    "start_time": 1748426666.063305,
    "receive_time": 1748426666.063305
  },
  {
    "node": "0310bd7bae67",
    "algorithm": "broadcast",
    "start_time": 1748426666.0643225,
    "receive_time": 1748426666.0643225
  },
  {
    "node": "ccadc29c28f7",
    "algorithm": "broadcast",
    "start_time": 1748426666.0654378,
    "receive_time": 1748426666.0654378
  },
  {
    "node": "7486bb9e15d6",
    "algorithm": "broadcast",
    "start_time": 1748426666.063835,
    "receive_time": 1748426666.063835
  },
  {
    "node": "4c4935057b58",
    "algorithm": "broadcast",
    "start_time": 1748426666.0657141,
    "receive_time": 1748426666.0657141
  },
  {
    "node": "4a5721001481",
    "algorithm": "broadcast",
    "start_time": 1748426666.0663166,
    "receive_time": 1748426666.0663166
  },
  {
    "node": "9938a2e83150",
    "algorithm": "broadcast",
    "start_time": 1748426666.0676856,
    "receive_time": 1748426666.0676856
  },
  {
    "node": "b6ca2acea022",
    "algorithm": "broadcast",
    "start_time": 1748426666.060604,
    "receive_time": 1748426666.060604
  },
  {
    "node": "cbed844b917c",
    "algorithm": "broadcast",
    "start_time": 1748426666.066415,
    "receive_time": 1748426666.066415
  },
  {
    "node": "02c3189e5cfa",
    "algorithm": "broadcast",
    "start_time": 1748426666.066561,
    "receive_time": 1748426666.066561
  },
  {
    "node": "273f1bc4fccb",
    "algorithm": "broadcast",
    "start_time": 1748426668.5207024,
    "receive_time": 1748426668.5207024
  },
  {
    "node": "d9d07a123126",
    "algorithm": "broadcast",
    "start_time": 1748426670.4980197,
    "receive_time": 1748426670.4980197
  },
  {
    "node": "48445ef953cd",
    "algorithm": "broadcast",
    "start_time": 1748426675.5873353,
    "receive_time": 1748426675.5873353
  }
]