[
  {
    "node": "77561f21fd70",
    "algorithm": "broadcast",
    "start_time": 1748424437.8672163,
    "receive_time": 1748424437.8672163
  },
  {
    "node": "f9998cf32ee3",
    "algorithm": "broadcast",
    "start_time": 1748424437.8631935,
    "receive_time": 1748424437.8631935
  },
  {
    "node": "31804755c8e5",
    "algorithm": "broadcast",
    "start_time": 1748424437.905476,
    "receive_time": 1748424437.905476
  },
  {
    "node": "c4dea30f396e",
    "algorithm": "broadcast",
    "start_time": 1748424437.8663332,
    "receive_time": 1748424437.8663332
  },
  {
    "node": "3797d7a024a6",
    "algorithm": "broadcast",
    "start_time": 1748424437.8671007,
    "receive_time": 1748424437.8671007
  },
  {
    "node": "ecbebd2b69fe",
    "algorithm": "broadcast",
    "start_time": 1748424437.889226,
    "receive_time": 1748424437.889226
  },
  {
    "node": "51276496c349",
    "algorithm": "broadcast",
    "start_time": 1748424437.8613348,
    "receive_time": 1748424437.8613348
  },
  {
    "node": "4d0ce2734a48",
    "algorithm": "broadcast",
    "start_time": 1748424437.9007134,
    "receive_time": 1748424437.9007134
  },
  {
    "node": "cc7a4e4065df",
    "algorithm": "broadcast",
    "start_time": 1748424437.8999548,
    "receive_time": 1748424437.8999548
  },
  {
    "node": "60b356f2e937",
    "algorithm": "broadcast",
    "start_time": 1748424437.8639672,
    "receive_time": 1748424437.8639672
  },
  {
    "node": "add5ee863f1e",
    "algorithm": "broadcast",
    "start_time": 1748424437.8835564,
    "receive_time": 1748424437.8835564
  },
  {
    "node": "f42dcd7f6295",
    "algorithm": "broadcast",
    "start_time": 1748424437.8643184,
    "receive_time": 1748424437.8643184
  },
  {
    "node": "8a5b9f7c568d",
    "algorithm": "broadcast",
    "start_time": 1748424437.916558,
    "receive_time": 1748424437.916558
  },
  {
    "node": "972c065543dd",
    "algorithm": "broadcast",
    "start_time": 1748424437.865375,
    "receive_time": 1748424437.865375
  },
  {
    "node": "9621cd1925e2",
    "algorithm": "broadcast",
    "start_time": 1748424437.8688009,
    "receive_time": 1748424437.8688009
  },
  {
    "node": "079abe320c63",
    "algorithm": "broadcast",
    "start_time": 1748424437.905671,
    "receive_time": 1748424437.905671
  },
  {
    "node": "a0181cabd29d",
    "algorithm": "broadcast",
    "start_time": 1748424437.8911939,
    "receive_time": 1748424437.8911939
  },
  {
    "node": "ae432998a4fc",
    "algorithm": "broadcast",
    "start_time": 1748424437.86598,
    "receive_time": 1748424437.86598
  },
  {
    "node": "ca57e615f1b2",
    "algorithm": "broadcast",
    "start_time": 1748424437.8644788,
    "receive_time": 1748424437.8644788
  },
  {
    "node": "3303f658104d",
    "algorithm": "broadcast",
    "start_time": 1748424437.892155,
    "receive_time": 1748424437.892155
  },
  {
    "node": "25674bcbbb52",
    "algorithm": "broadcast",
    "start_time": 1748424437.8651934,
    "receive_time": 1748424437.8651934
  },
  {
    "node": "a31be8abee75",
    "algorithm": "broadcast",
    "start_time": 1748424437.916366,
    "receive_time": 1748424437.916366
  },
  {
    "node": "d75bfd1af6da",
    "algorithm": "broadcast",
    "start_time": 1748424437.8770373,
    "receive_time": 1748424437.8770373
  },
  {
    "node": "ebc13180cf62",
    "algorithm": "broadcast",
    "start_time": 1748424437.9098268,
    "receive_time": 1748424437.9098268
  },
  {
    "node": "02ebfd9bb2e6",
    "algorithm": "broadcast",
    "start_time": 1748424437.8717744,
    "receive_time": 1748424437.8717744
  },
  {
    "node": "3546d331faa2",
    "algorithm": "broadcast",
    "start_time": 1748424437.8966136,
    "receive_time": 1748424437.8966136
  },
  {
    "node": "b7209d60395c",
    "algorithm": "broadcast",
    "start_time": 1748424437.868213,
    "receive_time": 1748424437.868213
  },
  {
    "node": "02c1314c7891",
    "algorithm": "broadcast",
    "start_time": 1748424437.8676245,
    "receive_time": 1748424437.8676245
  },
  {
    "node": "0235d5c27ee1",
    "algorithm": "broadcast",
    "start_time": 1748424437.9046302,
    "receive_time": 1748424437.9046302
  },
  {
    "node": "09943710bf4a",
    "algorithm": "broadcast",
    "start_time": 1748424437.8588278,
    "receive_time": 1748424437.8588278
  },
  {
    "node": "95aaf53484c4",
    "algorithm": "broadcast",
    "start_time": 1748424437.8736444,
    "receive_time": 1748424437.8736444
  },
  {
    "node": "ecbb6d348720",
    "algorithm": "broadcast",
    "start_time": 1748424437.872074,
    "receive_time": 1748424437.872074
  },
  {
    "node": "3a324f58ba0d",
    "algorithm": "broadcast",
    "start_time": 1748424437.8658423,
    "receive_time": 1748424437.8658423
  },
  {
    "node": "5538788cd034",
    "algorithm": "broadcast",
    "start_time": 1748424437.8874378,
    "receive_time": 1748424437.8874378
  },
  {
    "node": "6ba27b7334ce",
    "algorithm": "broadcast",
    "start_time": 1748424437.8601964,
    "receive_time": 1748424437.8601964
  },
  {
    "node": "4c07d95398a3",
    "algorithm": "broadcast",
    "start_time": 1748424437.8694136,
    "receive_time": 1748424437.8694136
  },
  {
    "node": "c516db3851a2",
    "algorithm": "broadcast",
    "start_time": 1748424437.866551,
    "receive_time": 1748424437.866551
  },
  {
    "node": "3427f030408d",
    "algorithm": "broadcast",
    "start_time": 1748424437.9280076,
    "receive_time": 1748424437.9280076
  },
  {
    "node": "6afd1a5fff3d",
    "algorithm": "broadcast",
    "start_time": 1748424437.9177704,
    "receive_time": 1748424437.9177704
  },
  {
    "node": "5b0e2773d8f4",
    "algorithm": "broadcast",
    "start_time": 1748424437.925484,
    "receive_time": 1748424437.925484
  },
  {
    "node": "9a57fdaed51d",
    "algorithm": "broadcast",
    "start_time": 1748424437.917329,
    "receive_time": 1748424437.917329
  },
  {
    "node": "4fe16e868958",
    "algorithm": "broadcast",
    "start_time": 1748424437.8652754,
    "receive_time": 1748424437.8652754
  },
  {
    "node": "f83a4146cd75",
    "algorithm": "broadcast",
    "start_time": 1748424437.8739269,
    "receive_time": 1748424437.8739269
  },
  {
    "node": "5243798f1734",
    "algorithm": "broadcast",
    "start_time": 1748424437.8925626,
    "receive_time": 1748424437.8925626
  },
  {
    "node": "17afd42332f7",
    "algorithm": "broadcast",
    "start_time": 1748424437.8846488,
    "receive_time": 1748424437.8846488
  },
  {
    "node": "ba1f9ba847c9",
    "algorithm": "broadcast",
    "start_time": 1748424437.9158423,
    "receive_time": 1748424437.9158423
  },
  {
    "node": "a8f7bea388a0",
    "algorithm": "broadcast",
    "start_time": 1748424437.910875,
    "receive_time": 1748424437.910875
  },
  {
    "node": "c865e59e116c",
    "algorithm": "broadcast",
    "start_time": 1748424437.9012764,
    "receive_time": 1748424437.9012764
  },
  {
    "node": "7d4950d0aa88",
    "algorithm": "broadcast",
    "start_time": 1748424437.9221542,
    "receive_time": 1748424437.9221542
  },
  {
    "node": "c223151cf1f3",
    "algorithm": "broadcast",
    "start_time": 1748424437.8931487,
    "receive_time": 1748424437.8931487
  },
  {
    "node": "cdd05a77061b",
    "algorithm": "broadcast",
    "start_time": 1748424437.8995767,
    "receive_time": 1748424437.8995767
  },
  {
    "node": "e667a3593ddf",
    "algorithm": "broadcast",
    "start_time": 1748424437.870016,
    "receive_time": 1748424437.870016
  },
  {
    "node": "982105f9eb72",
    "algorithm": "broadcast",
    "start_time": 1748424437.9227939,
    "receive_time": 1748424437.9227939
  },
  {
    "node": "b00fdcf4be3e",
    "algorithm": "broadcast",
    "start_time": 1748424437.8674407,
    "receive_time": 1748424437.8674407
  },
  {
    "node": "e73d29c17fc1",
    "algorithm": "broadcast",
    "start_time": 1748424437.9185781,
    "receive_time": 1748424437.9185781
  },
  {
    "node": "30498a722470",
    "algorithm": "broadcast",
    "start_time": 1748424437.9136822,
    "receive_time": 1748424437.9136822
  },
  {
    "node": "fdc2aeee95be",
    "algorithm": "broadcast",
    "start_time": 1748424485.5877454,
    "receive_time": 1748424485.5877454
  },
  {
    "node": "ee94c7546d56",
    "algorithm": "broadcast",
    "start_time": 1748424485.5877433,
    "receive_time": 1748424485.5877433
  },
  {
    "node": "45b509ef43dd",
    "algorithm": "broadcast",
    "start_time": 1748424491.1082127,
    "receive_time": 1748424491.1082127
  },
  {
    "node": "6847c06cff52",
    "algorithm": "broadcast",
    "start_time": 1748424492.3202162,
    "receive_time": 1748424492.3202162
  },
  {
    "node": "4fabfc64f46b",
    "algorithm": "broadcast",
    "start_time": 1748424495.273556,
    "receive_time": 1748424495.273556
  },
  {
    "node": "094c704d9c03",
    "algorithm": "broadcast",
    "start_time": 1748424495.2766309,
    "receive_time": 1748424495.2766309
  },
  {
    "node": "2a61027c02c9",
    "algorithm": "broadcast",
    "start_time": 1748424495.7564178,
    "receive_time": 1748424495.7564178
  },
  {
    "node": "bbdf62875614",
    "algorithm": "broadcast",
    "start_time": 1748424495.3206542,
    "receive_time": 1748424495.3206542
  },
  {
    "node": "f250e006ae58",
    "algorithm": "broadcast",
    "start_time": 1748424495.2774272,
    "receive_time": 1748424495.2774272
  },
  {
    "node": "a73ecb3f7060",
    "algorithm": "broadcast",
    "start_time": 1748424503.0567935,
    "receive_time": 1748424503.0567935
  },
  {
    "node": "1a4ac174767a",
    "algorithm": "broadcast",
    "start_time": 1748424503.0557716,
    "receive_time": 1748424503.0557716
  },
  {
    "node": "2ff58137cf57",
    "algorithm": "broadcast",
    "start_time": 1748424503.0603046,
    "receive_time": 1748424503.0603046
  },
  {
    "node": "644be6ba699c",
    "algorithm": "broadcast",
    "start_time": 1748424503.058789,
    "receive_time": 1748424503.058789
  },
  {
    "node": "f3291e143efe",
    "algorithm": "broadcast",
    "start_time": 1748424511.7604852,
    "receive_time": 1748424511.7604852
  },
  {
    "node": "bc43976c6831",
    "algorithm": "broadcast",
    "start_time": 1748424516.108029,
    "receive_time": 1748424516.108029
  },
  {
    "node": "f43b0ef850d0",
    "algorithm": "broadcast",
    "start_time": 1748424516.1123257,
    "receive_time": 1748424516.1123257
  },
  {
    "node": "5ac1f9357586",
    "algorithm": "broadcast",
    "start_time": 1748424521.0551682,
    "receive_time": 1748424521.0551682
  },
  {
    "node": "720d1b5ec2d4",
    "algorithm": "broadcast",
    "start_time": 1748424523.972252,
    "receive_time": 1748424523.972252
  },
  {
    "node": "1fc2f7176d9c",
    "algorithm": "broadcast",
    "start_time": 1748424535.9150321,
    "receive_time": 1748424535.9150321
  },
  {
    "node": "a00ca93c97db",
    "algorithm": "broadcast",
    "start_time": 1748424567.3855386,
    "receive_time": 1748424567.3855386
  },
  {
    "node": "1ccdccbb8d6d",
    "algorithm": "broadcast",
    "start_time": 1748424567.3831446,
    "receive_time": 1748424567.3831446
  },
  {
    "node": "2d227313652c",
    "algorithm": "broadcast",
    "start_time": 1748424567.3809247,
    "receive_time": 1748424567.3809247
  },
  {
    "node": "2379325d02c7",
    "algorithm": "broadcast",
    "start_time": 1748424567.3814123,
    "receive_time": 1748424567.3814123
  },
  {
    "node": "76e472880fc6",
    "algorithm": "broadcast",
    "start_time": 1748424567.3852026,
    "receive_time": 1748424567.3852026
  }
]