[
  {
    "node": "10f15302a2f8",
    "algorithm": "broadcast",
    "start_time": 1748423744.379165,
    "receive_time": 1748423744.379165
  },
  {
    "node": "af111af57b04",
    "algorithm": "broadcast",
    "start_time": 1748423744.3817332,
    "receive_time": 1748423744.3817332
  },
  {
    "node": "f9f75ad734aa",
    "algorithm": "broadcast",
    "start_time": 1748423744.3869064,
    "receive_time": 1748423744.3869064
  },
  {
    "node": "9b6a8b9a8262",
    "algorithm": "broadcast",
    "start_time": 1748423744.387588,
    "receive_time": 1748423744.387588
  },
  {
    "node": "21f797adf580",
    "algorithm": "broadcast",
    "start_time": 1748423744.3839328,
    "receive_time": 1748423744.3839328
  },
  {
    "node": "5a9737365d14",
    "algorithm": "broadcast",
    "start_time": 1748423744.3928418,
    "receive_time": 1748423744.3928418
  },
  {
    "node": "2e468f28ea8b",
    "algorithm": "broadcast",
    "start_time": 1748423744.3880463,
    "receive_time": 1748423744.3880463
  },
  {
    "node": "651c6ed25fc5",
    "algorithm": "broadcast",
    "start_time": 1748423744.3825328,
    "receive_time": 1748423744.3825328
  },
  {
    "node": "27d1f65d7f70",
    "algorithm": "broadcast",
    "start_time": 1748423744.3861182,
    "receive_time": 1748423744.3861182
  },
  {
    "node": "7b6fc2703471",
    "algorithm": "broadcast",
    "start_time": 1748423744.3796232,
    "receive_time": 1748423744.3796232
  },
  {
    "node": "d9edede61d8e",
    "algorithm": "broadcast",
    "start_time": 1748423744.380178,
    "receive_time": 1748423744.380178
  },
  {
    "node": "e24e07c97030",
    "algorithm": "broadcast",
    "start_time": 1748423744.3896046,
    "receive_time": 1748423744.3896046
  },
  {
    "node": "b2cf38c27e41",
    "algorithm": "broadcast",
    "start_time": 1748423744.3809555,
    "receive_time": 1748423744.3809555
  },
  {
    "node": "0eb678507b28",
    "algorithm": "broadcast",
    "start_time": 1748423744.3810332,
    "receive_time": 1748423744.3810332
  },
  {
    "node": "b3280d9926e9",
    "algorithm": "broadcast",
    "start_time": 1748423744.3793628,
    "receive_time": 1748423744.3793628
  },
  {
    "node": "0b7903c12c38",
    "algorithm": "broadcast",
    "start_time": 1748423744.388364,
    "receive_time": 1748423744.388364
  },
  {
    "node": "cc0a752154d9",
    "algorithm": "broadcast",
    "start_time": 1748423744.3815653,
    "receive_time": 1748423744.3815653
  },
  {
    "node": "e45c8a6a5c95",
    "algorithm": "broadcast",
    "start_time": 1748423744.384327,
    "receive_time": 1748423744.384327
  },
  {
    "node": "9275c11cb493",
    "algorithm": "broadcast",
    "start_time": 1748423744.3887153,
    "receive_time": 1748423744.3887153
  },
  {
    "node": "76d000f48922",
    "algorithm": "broadcast",
    "start_time": 1748423744.3876855,
    "receive_time": 1748423744.3876855
  },
  {
    "node": "d63b7152e295",
    "algorithm": "broadcast",
    "start_time": 1748423744.380357,
    "receive_time": 1748423744.380357
  },
  {
    "node": "2a0f111fcbed",
    "algorithm": "broadcast",
    "start_time": 1748423744.3835726,
    "receive_time": 1748423744.3835726
  },
  {
    "node": "4d3f6f0deb62",
    "algorithm": "broadcast",
    "start_time": 1748423744.385104,
    "receive_time": 1748423744.385104
  },
  {
    "node": "b032d3a211e2",
    "algorithm": "broadcast",
    "start_time": 1748423744.3860817,
    "receive_time": 1748423744.3860817
  },
  {
    "node": "87d61a9c3d65",
    "algorithm": "broadcast",
    "start_time": 1748423744.383198,
    "receive_time": 1748423744.383198
  },
  {
    "node": "21e2a9ae1540",
    "algorithm": "broadcast",
    "start_time": 1748423744.3820148,
    "receive_time": 1748423744.3820148
  },
  {
    "node": "ec2003eeb6bf",
    "algorithm": "broadcast",
    "start_time": 1748423744.386624,
    "receive_time": 1748423744.386624
  },
  {
    "node": "d04749700c05",
    "algorithm": "broadcast",
    "start_time": 1748423744.3893533,
    "receive_time": 1748423744.3893533
  },
  {
    "node": "471d588be5e0",
    "algorithm": "broadcast",
    "start_time": 1748423744.3950012,
    "receive_time": 1748423744.3950012
  },
  {
    "node": "5fbbb06db201",
    "algorithm": "broadcast",
    "start_time": 1748423744.3798146,
    "receive_time": 1748423744.3798146
  },
  {
    "node": "2b8691ef9c5e",
    "algorithm": "broadcast",
    "start_time": 1748423744.3871546,
    "receive_time": 1748423744.3871546
  },
  {
    "node": "faae87326d2a",
    "algorithm": "broadcast",
    "start_time": 1748423744.3831599,
    "receive_time": 1748423744.3831599
  },
  {
    "node": "0a8d813aabb5",
    "algorithm": "broadcast",
    "start_time": 1748423744.3864193,
    "receive_time": 1748423744.3864193
  },
  {
    "node": "9a730282c80d",
    "algorithm": "broadcast",
    "start_time": 1748423744.3847225,
    "receive_time": 1748423744.3847225
  },
  {
    "node": "96e0bc74b02c",
    "algorithm": "broadcast",
    "start_time": 1748423744.388926,
    "receive_time": 1748423744.388926
  },
  {
    "node": "ae782afdcda2",
    "algorithm": "broadcast",
    "start_time": 1748423744.3916569,
    "receive_time": 1748423744.3916569
  },
  {
    "node": "5d1cbbf3e73d",
    "algorithm": "broadcast",
    "start_time": 1748423744.3963146,
    "receive_time": 1748423744.3963146
  },
  {
    "node": "3b4abc8db569",
    "algorithm": "broadcast",
    "start_time": 1748423744.3979957,
    "receive_time": 1748423744.3979957
  },
  {
    "node": "0b226e32449b",
    "algorithm": "broadcast",
    "start_time": 1748423744.3954656,
    "receive_time": 1748423744.3954656
  },
  {
    "node": "9d1d55b5a57f",
    "algorithm": "broadcast",
    "start_time": 1748423744.398313,
    "receive_time": 1748423744.398313
  },
  {
    "node": "7e51e57f0f9c",
    "algorithm": "broadcast",
    "start_time": 1748423744.3924687,
    "receive_time": 1748423744.3924687
  },
  {
    "node": "85baf50eb91b",
    "algorithm": "broadcast",
    "start_time": 1748423744.3981664,
    "receive_time": 1748423744.3981664
  },
  {
    "node": "cfd5ea2566d1",
    "algorithm": "broadcast",
    "start_time": 1748423744.3883653,
    "receive_time": 1748423744.3883653
  },
  {
    "node": "9317b8f26d1c",
    "algorithm": "broadcast",
    "start_time": 1748423744.3855104,
    "receive_time": 1748423744.3855104
  },
  {
    "node": "6f5b92a29c00",
    "algorithm": "broadcast",
    "start_time": 1748423744.3939955,
    "receive_time": 1748423744.3939955
  },
  {
    "node": "8b5217f865b7",
    "algorithm": "broadcast",
    "start_time": 1748423744.3934674,
    "receive_time": 1748423744.3934674
  },
  {
    "node": "924d6bd84ad3",
    "algorithm": "broadcast",
    "start_time": 1748423744.3878741,
    "receive_time": 1748423744.3878741
  },
  {
    "node": "ecc099c848c9",
    "algorithm": "broadcast",
    "start_time": 1748423744.3945136,
    "receive_time": 1748423744.3945136
  },
  {
    "node": "9d8a1be68469",
    "algorithm": "broadcast",
    "start_time": 1748423744.3975146,
    "receive_time": 1748423744.3975146
  },
  {
    "node": "bdd4d5a39f4d",
    "algorithm": "broadcast",
    "start_time": 1748423744.3885272,
    "receive_time": 1748423744.3885272
  },
  {
    "node": "0f1082a6130c",
    "algorithm": "broadcast",
    "start_time": 1748423744.391509,
    "receive_time": 1748423744.391509
  },
  {
    "node": "cfb8aae5495b",
    "algorithm": "broadcast",
    "start_time": 1748423744.391906,
    "receive_time": 1748423744.391906
  },
  {
    "node": "5f7a7f6ffbba",
    "algorithm": "broadcast",
    "start_time": 1748423744.3952036,
    "receive_time": 1748423744.3952036
  },
  {
    "node": "b320056ef979",
    "algorithm": "broadcast",
    "start_time": 1748423744.3981564,
    "receive_time": 1748423744.3981564
  },
  {
    "node": "c03b280449b5",
    "algorithm": "broadcast",
    "start_time": 1748423744.3980508,
    "receive_time": 1748423744.3980508
  }
]