[
  {
    "node": "1997fc3dc20f",
    "algorithm": "broadcast",
    "start_time": 1748428099.5998874,
    "receive_time": 1748428099.5998874
  },
  {
    "node": "1ead69439324",
    "algorithm": "broadcast",
    "start_time": 1748428099.6022704,
    "receive_time": 1748428099.6022704
  },
  {
    "node": "adee9f32f718",
    "algorithm": "broadcast",
    "start_time": 1748428099.594579,
    "receive_time": 1748428099.594579
  },
  {
    "node": "63520e1e8511",
    "algorithm": "broadcast",
    "start_time": 1748428099.5970726,
    "receive_time": 1748428099.5970726
  },
  {
    "node": "c42558e8c429",
    "algorithm": "broadcast",
    "start_time": 1748428099.6380227,
    "receive_time": 1748428099.6380227
  },
  {
    "node": "01d4cb9b106a",
    "algorithm": "broadcast",
    "start_time": 1748428099.6022394,
    "receive_time": 1748428099.6022394
  },
  {
    "node": "d6afec8655f3",
    "algorithm": "broadcast",
    "start_time": 1748428099.5966554,
    "receive_time": 1748428099.5966554
  },
  {
    "node": "392cdf2fb4bc",
    "algorithm": "broadcast",
    "start_time": 1748428099.6395292,
    "receive_time": 1748428099.6395292
  },
  {
    "node": "d85760ddb3ed",
    "algorithm": "broadcast",
    "start_time": 1748428099.6610775,
    "receive_time": 1748428099.6610775
  },
  {
    "node": "848bcb64d2f7",
    "algorithm": "broadcast",
    "start_time": 1748428099.5930905,
    "receive_time": 1748428099.5930905
  },
  {
    "node": "408bc059ccc0",
    "algorithm": "broadcast",
    "start_time": 1748428099.609872,
    "receive_time": 1748428099.609872
  },
  {
    "node": "63833651228d",
    "algorithm": "broadcast",
    "start_time": 1748428099.6629744,
    "receive_time": 1748428099.6629744
  },
  {
    "node": "2ab73d5361b3",
    "algorithm": "broadcast",
    "start_time": 1748428099.5947435,
    "receive_time": 1748428099.5947435
  },
  {
    "node": "e7d7951f0170",
    "algorithm": "broadcast",
    "start_time": 1748428099.640022,
    "receive_time": 1748428099.640022
  },
  {
    "node": "d95fcfe1caf7",
    "algorithm": "broadcast",
    "start_time": 1748428099.6205719,
    "receive_time": 1748428099.6205719
  },
  {
    "node": "9984ced1b8ef",
    "algorithm": "broadcast",
    "start_time": 1748428100.0569253,
    "receive_time": 1748428100.0569253
  },
  {
    "node": "6fb3674a3b28",
    "algorithm": "broadcast",
    "start_time": 1748428099.6030023,
    "receive_time": 1748428099.6030023
  },
  {
    "node": "7f46aab92882",
    "algorithm": "broadcast",
    "start_time": 1748428099.6035824,
    "receive_time": 1748428099.6035824
  },
  {
    "node": "d4035e81049c",
    "algorithm": "broadcast",
    "start_time": 1748428100.121829,
    "receive_time": 1748428100.121829
  },
  {
    "node": "a0291fce2030",
    "algorithm": "broadcast",
    "start_time": 1748428099.6031334,
    "receive_time": 1748428099.6031334
  },
  {
    "node": "bc5773bfd32a",
    "algorithm": "broadcast",
    "start_time": 1748428099.6200821,
    "receive_time": 1748428099.6200821
  },
  {
    "node": "a50fac337d28",
    "algorithm": "broadcast",
    "start_time": 1748428099.6415684,
    "receive_time": 1748428099.6415684
  },
  {
    "node": "0ba4dc22c4c2",
    "algorithm": "broadcast",
    "start_time": 1748428099.6039732,
    "receive_time": 1748428099.6039732
  },
  {
    "node": "335eeab7b5b4",
    "algorithm": "broadcast",
    "start_time": 1748428099.6077383,
    "receive_time": 1748428099.6077383
  },
  {
    "node": "2787a7f5813b",
    "algorithm": "broadcast",
    "start_time": 1748428099.6026309,
    "receive_time": 1748428099.6026309
  },
  {
    "node": "c48b0af2ae70",
    "algorithm": "broadcast",
    "start_time": 1748428099.5931537,
    "receive_time": 1748428099.5931537
  },
  {
    "node": "8d9f5eae74ca",
    "algorithm": "broadcast",
    "start_time": 1748428099.6404328,
    "receive_time": 1748428099.6404328
  },
  {
    "node": "651ff4270930",
    "algorithm": "broadcast",
    "start_time": 1748428100.0290933,
    "receive_time": 1748428100.0290933
  },
  {
    "node": "52f534bef0a3",
    "algorithm": "broadcast",
    "start_time": 1748428099.6351526,
    "receive_time": 1748428099.6351526
  },
  {
    "node": "29417ba8fbea",
    "algorithm": "broadcast",
    "start_time": 1748428099.6411374,
    "receive_time": 1748428099.6411374
  },
  {
    "node": "cc1185b65c28",
    "algorithm": "broadcast",
    "start_time": 1748428099.6552584,
    "receive_time": 1748428099.6552584
  },
  {
    "node": "aa035a04b93e",
    "algorithm": "broadcast",
    "start_time": 1748428099.5926576,
    "receive_time": 1748428099.5926576
  },
  {
    "node": "b470bd58264a",
    "algorithm": "broadcast",
    "start_time": 1748428099.6080847,
    "receive_time": 1748428099.6080847
  },
  {
    "node": "e0921bf7a206",
    "algorithm": "broadcast",
    "start_time": 1748428099.5975502,
    "receive_time": 1748428099.5975502
  },
  {
    "node": "30db8e5a115f",
    "algorithm": "broadcast",
    "start_time": 1748428099.6112947,
    "receive_time": 1748428099.6112947
  },
  {
    "node": "2d0573d0e882",
    "algorithm": "broadcast",
    "start_time": 1748428099.6210427,
    "receive_time": 1748428099.6210427
  },
  {
    "node": "5be1f7b51e56",
    "algorithm": "broadcast",
    "start_time": 1748428099.5956655,
    "receive_time": 1748428099.5956655
  },
  {
    "node": "224a14041d88",
    "algorithm": "broadcast",
    "start_time": 1748428100.0254765,
    "receive_time": 1748428100.0254765
  },
  {
    "node": "12dc968000c8",
    "algorithm": "broadcast",
    "start_time": 1748428099.593076,
    "receive_time": 1748428099.593076
  },
  {
    "node": "419f2479c155",
    "algorithm": "broadcast",
    "start_time": 1748428099.6212518,
    "receive_time": 1748428099.6212518
  },
  {
    "node": "69ea7778c13f",
    "algorithm": "broadcast",
    "start_time": 1748428099.6407852,
    "receive_time": 1748428099.6407852
  },
  {
    "node": "7870bee2b43d",
    "algorithm": "broadcast",
    "start_time": 1748428099.605342,
    "receive_time": 1748428099.605342
  },
  {
    "node": "59c376bf04b7",
    "algorithm": "broadcast",
    "start_time": 1748428099.6114185,
    "receive_time": 1748428099.6114185
  },
  {
    "node": "105fb9135ce5",
    "algorithm": "broadcast",
    "start_time": 1748428099.6463027,
    "receive_time": 1748428099.6463027
  },
  {
    "node": "b2bf9a9af18e",
    "algorithm": "broadcast",
    "start_time": 1748428099.6549592,
    "receive_time": 1748428099.6549592
  },
  {
    "node": "b5eb47484f9b",
    "algorithm": "broadcast",
    "start_time": 1748428099.604688,
    "receive_time": 1748428099.604688
  },
  {
    "node": "b863bd2fae2e",
    "algorithm": "broadcast",
    "start_time": 1748428099.6425915,
    "receive_time": 1748428099.6425915
  },
  {
    "node": "363e4645700d",
    "algorithm": "broadcast",
    "start_time": 1748428099.5925546,
    "receive_time": 1748428099.5925546
  },
  {
    "node": "33dc67e13c42",
    "algorithm": "broadcast",
    "start_time": 1748428100.0581353,
    "receive_time": 1748428100.0581353
  },
  {
    "node": "7f0f9a7cb402",
    "algorithm": "broadcast",
    "start_time": 1748428099.6041114,
    "receive_time": 1748428099.6041114
  },
  {
    "node": "20e33864b71c",
    "algorithm": "broadcast",
    "start_time": 1748428099.60366,
    "receive_time": 1748428099.60366
  },
  {
    "node": "d6a647ec2a03",
    "algorithm": "broadcast",
    "start_time": 1748428099.642965,
    "receive_time": 1748428099.642965
  },
  {
    "node": "fdef48380807",
    "algorithm": "broadcast",
    "start_time": 1748428099.642025,
    "receive_time": 1748428099.642025
  },
  {
    "node": "d0dcf44c87fe",
    "algorithm": "broadcast",
    "start_time": 1748428099.6092317,
    "receive_time": 1748428099.6092317
  },
  {
    "node": "73f09eaf5f41",
    "algorithm": "broadcast",
    "start_time": 1748428099.6116385,
    "receive_time": 1748428099.6116385
  },
  {
    "node": "e45d417d8431",
    "algorithm": "broadcast",
    "start_time": 1748428175.1320333,
    "receive_time": 1748428175.1320333
  },
  {
    "node": "bbe9ad6cb25b",
    "algorithm": "broadcast",
    "start_time": 1748428175.1306581,
    "receive_time": 1748428175.1306581
  },
  {
    "node": "1d9f598b773b",
    "algorithm": "broadcast",
    "start_time": 1748428175.1632135,
    "receive_time": 1748428175.1632135
  },
  {
    "node": "5301afad1b37",
    "algorithm": "broadcast",
    "start_time": 1748428175.1344256,
    "receive_time": 1748428175.1344256
  },
  {
    "node": "3a0a7c3c56eb",
    "algorithm": "broadcast",
    "start_time": 1748428175.1670408,
    "receive_time": 1748428175.1670408
  },
  {
    "node": "de644ca22d03",
    "algorithm": "broadcast",
    "start_time": 1748428175.1686,
    "receive_time": 1748428175.1686
  },
  {
    "node": "d2ab01109bb7",
    "algorithm": "broadcast",
    "start_time": 1748428175.1632087,
    "receive_time": 1748428175.1632087
  },
  {
    "node": "77ee8e99fd07",
    "algorithm": "broadcast",
    "start_time": 1748428175.1327436,
    "receive_time": 1748428175.1327436
  },
  {
    "node": "d846de4b9141",
    "algorithm": "broadcast",
    "start_time": 1748428175.1301696,
    "receive_time": 1748428175.1301696
  },
  {
    "node": "f512adfa26aa",
    "algorithm": "broadcast",
    "start_time": 1748428175.162554,
    "receive_time": 1748428175.162554
  },
  {
    "node": "338b0ce38fb7",
    "algorithm": "broadcast",
    "start_time": 1748428175.1711657,
    "receive_time": 1748428175.1711657
  },
  {
    "node": "91104538b7bf",
    "algorithm": "broadcast",
    "start_time": 1748428175.1758618,
    "receive_time": 1748428175.1758618
  },
  {
    "node": "38662c2f3625",
    "algorithm": "broadcast",
    "start_time": 1748428175.1654756,
    "receive_time": 1748428175.1654756
  },
  {
    "node": "508b22d54e33",
    "algorithm": "broadcast",
    "start_time": 1748428175.1892533,
    "receive_time": 1748428175.1892533
  },
  {
    "node": "3f0c6985ed97",
    "algorithm": "broadcast",
    "start_time": 1748428175.1690633,
    "receive_time": 1748428175.1690633
  },
  {
    "node": "ae2fdddafc00",
    "algorithm": "broadcast",
    "start_time": 1748428175.1910686,
    "receive_time": 1748428175.1910686
  },
  {
    "node": "49559a622aee",
    "algorithm": "broadcast",
    "start_time": 1748428175.1642823,
    "receive_time": 1748428175.1642823
  },
  {
    "node": "444e5ad9be7e",
    "algorithm": "broadcast",
    "start_time": 1748428175.171745,
    "receive_time": 1748428175.171745
  },
  {
    "node": "f7aaeec6361e",
    "algorithm": "broadcast",
    "start_time": 1748428175.1909223,
    "receive_time": 1748428175.1909223
  },
  {
    "node": "d28c0cc4086d",
    "algorithm": "broadcast",
    "start_time": 1748428175.178454,
    "receive_time": 1748428175.178454
  },
  {
    "node": "2164821c9bdf",
    "algorithm": "broadcast",
    "start_time": 1748428175.168103,
    "receive_time": 1748428175.168103
  },
  {
    "node": "6e245e0b2311",
    "algorithm": "broadcast",
    "start_time": 1748428176.2435954,
    "receive_time": 1748428176.2435954
  },
  {
    "node": "b8b001daedab",
    "algorithm": "broadcast",
    "start_time": 1748428175.17112,
    "receive_time": 1748428175.17112
  },
  {
    "node": "bad97105b165",
    "algorithm": "broadcast",
    "start_time": 1748428175.1711342,
    "receive_time": 1748428175.1711342
  },
  {
    "node": "4f4e1a0b1118",
    "algorithm": "broadcast",
    "start_time": 1748428175.175098,
    "receive_time": 1748428175.175098
  },
  {
    "node": "128426df978a",
    "algorithm": "broadcast",
    "start_time": 1748428175.179007,
    "receive_time": 1748428175.179007
  },
  {
    "node": "1442bbb7cf5f",
    "algorithm": "broadcast",
    "start_time": 1748428175.1754642,
    "receive_time": 1748428175.1754642
  },
  {
    "node": "aab0d647cd81",
    "algorithm": "broadcast",
    "start_time": 1748428175.175957,
    "receive_time": 1748428175.175957
  },
  {
    "node": "b560965c21dc",
    "algorithm": "broadcast",
    "start_time": 1748428175.1894357,
    "receive_time": 1748428175.1894357
  },
  {
    "node": "d03b420233c3",
    "algorithm": "broadcast",
    "start_time": 1748428175.170374,
    "receive_time": 1748428175.170374
  },
  {
    "node": "e333508adc41",
    "algorithm": "broadcast",
    "start_time": 1748428175.1766973,
    "receive_time": 1748428175.1766973
  },
  {
    "node": "ffe23f5377fc",
    "algorithm": "broadcast",
    "start_time": 1748428175.1861637,
    "receive_time": 1748428175.1861637
  },
  {
    "node": "c262959b8a41",
    "algorithm": "broadcast",
    "start_time": 1748428175.171143,
    "receive_time": 1748428175.171143
  },
  {
    "node": "d90277e7a248",
    "algorithm": "broadcast",
    "start_time": 1748428175.1708298,
    "receive_time": 1748428175.1708298
  },
  {
    "node": "579b5c1c63af",
    "algorithm": "broadcast",
    "start_time": 1748428175.1747456,
    "receive_time": 1748428175.1747456
  },
  {
    "node": "032b7105e072",
    "algorithm": "broadcast",
    "start_time": 1748428175.1751065,
    "receive_time": 1748428175.1751065
  },
  {
    "node": "63e6edd0cea8",
    "algorithm": "broadcast",
    "start_time": 1748428175.1691926,
    "receive_time": 1748428175.1691926
  },
  {
    "node": "9c2dfd362f79",
    "algorithm": "broadcast",
    "start_time": 1748428175.1760948,
    "receive_time": 1748428175.1760948
  },
  {
    "node": "61f56906a925",
    "algorithm": "broadcast",
    "start_time": 1748428175.186315,
    "receive_time": 1748428175.186315
  },
  {
    "node": "e7574d738e5b",
    "algorithm": "broadcast",
    "start_time": 1748428183.2551365,
    "receive_time": 1748428183.2551365
  },
  {
    "node": "7343826fcd0b",
    "algorithm": "broadcast",
    "start_time": 1748428223.8726573,
    "receive_time": 1748428223.8726573
  },
  {
    "node": "7fe552d06832",
    "algorithm": "broadcast",
    "start_time": 1748428223.8723674,
    "receive_time": 1748428223.8723674
  },
  {
    "node": "2f0747f7f888",
    "algorithm": "broadcast",
    "start_time": 1748428223.8716478,
    "receive_time": 1748428223.8716478
  },
  {
    "node": "0677a2c4c285",
    "algorithm": "broadcast",
    "start_time": 1748428223.8729775,
    "receive_time": 1748428223.8729775
  },
  {
    "node": "49b751f86aa0",
    "algorithm": "broadcast",
    "start_time": 1748428223.8712978,
    "receive_time": 1748428223.8712978
  }
]