[
  {
    "node": "dc78999932d4",
    "algorithm": "broadcast",
    "start_time": 1748423978.7874024,
    "receive_time": 1748423978.7874024
  },
  {
    "node": "5b8bf2fdf4d7",
    "algorithm": "broadcast",
    "start_time": 1748423978.7993016,
    "receive_time": 1748423978.7993016
  },
  {
    "node": "097e70d9c583",
    "algorithm": "broadcast",
    "start_time": 1748423978.7996206,
    "receive_time": 1748423978.7996206
  },
  {
    "node": "8a09d985b03c",
    "algorithm": "broadcast",
    "start_time": 1748423978.8318489,
    "receive_time": 1748423978.8318489
  },
  {
    "node": "3b7b661f0e40",
    "algorithm": "broadcast",
    "start_time": 1748423978.8346999,
    "receive_time": 1748423978.8346999
  },
  {
    "node": "781287b614fd",
    "algorithm": "broadcast",
    "start_time": 1748423978.8213177,
    "receive_time": 1748423978.8213177
  },
  {
    "node": "e0daf206854c",
    "algorithm": "broadcast",
    "start_time": 1748423978.8146834,
    "receive_time": 1748423978.8146834
  },
  {
    "node": "f0b05e7d4f3d",
    "algorithm": "broadcast",
    "start_time": 1748423978.7986863,
    "receive_time": 1748423978.7986863
  },
  {
    "node": "029f34431605",
    "algorithm": "broadcast",
    "start_time": 1748423978.787374,
    "receive_time": 1748423978.787374
  },
  {
    "node": "fe3ec86cc6b5",
    "algorithm": "broadcast",
    "start_time": 1748423978.8509145,
    "receive_time": 1748423978.8509145
  },
  {
    "node": "d7f840c2b8b7",
    "algorithm": "broadcast",
    "start_time": 1748423978.8476748,
    "receive_time": 1748423978.8476748
  },
  {
    "node": "857630816b86",
    "algorithm": "broadcast",
    "start_time": 1748423978.830663,
    "receive_time": 1748423978.830663
  },
  {
    "node": "c0e24edde02b",
    "algorithm": "broadcast",
    "start_time": 1748423978.7850404,
    "receive_time": 1748423978.7850404
  },
  {
    "node": "90932de3c143",
    "algorithm": "broadcast",
    "start_time": 1748423978.7976635,
    "receive_time": 1748423978.7976635
  },
  {
    "node": "5d8d8aefaab9",
    "algorithm": "broadcast",
    "start_time": 1748423978.798902,
    "receive_time": 1748423978.798902
  },
  {
    "node": "18d47994ec93",
    "algorithm": "broadcast",
    "start_time": 1748423978.7935033,
    "receive_time": 1748423978.7935033
  },
  {
    "node": "478666f1fbd3",
    "algorithm": "broadcast",
    "start_time": 1748423978.7929177,
    "receive_time": 1748423978.7929177
  },
  {
    "node": "8364eea913c8",
    "algorithm": "broadcast",
    "start_time": 1748423978.8155556,
    "receive_time": 1748423978.8155556
  },
  {
    "node": "ce17f89a8f4b",
    "algorithm": "broadcast",
    "start_time": 1748423978.8431683,
    "receive_time": 1748423978.8431683
  },
  {
    "node": "be3dd5786723",
    "algorithm": "broadcast",
    "start_time": 1748423978.800144,
    "receive_time": 1748423978.800144
  },
  {
    "node": "2c0b5e28495a",
    "algorithm": "broadcast",
    "start_time": 1748423980.2602937,
    "receive_time": 1748423980.2602937
  },
  {
    "node": "c202ec427d4d",
    "algorithm": "broadcast",
    "start_time": 1748423978.8056993,
    "receive_time": 1748423978.8056993
  },
  {
    "node": "dbfcd27baabd",
    "algorithm": "broadcast",
    "start_time": 1748423978.799166,
    "receive_time": 1748423978.799166
  },
  {
    "node": "e783fef33390",
    "algorithm": "broadcast",
    "start_time": 1748423978.8234358,
    "receive_time": 1748423978.8234358
  },
  {
    "node": "d66940e12e3d",
    "algorithm": "broadcast",
    "start_time": 1748423978.8127806,
    "receive_time": 1748423978.8127806
  },
  {
    "node": "680f9ad83568",
    "algorithm": "broadcast",
    "start_time": 1748423978.8084676,
    "receive_time": 1748423978.8084676
  },
  {
    "node": "5c62e91e8935",
    "algorithm": "broadcast",
    "start_time": 1748423978.809497,
    "receive_time": 1748423978.809497
  },
  {
    "node": "62c10f5dbd2d",
    "algorithm": "broadcast",
    "start_time": 1748423978.8297114,
    "receive_time": 1748423978.8297114
  },
  {
    "node": "edeaac934cc5",
    "algorithm": "broadcast",
    "start_time": 1748423978.8470128,
    "receive_time": 1748423978.8470128
  },
  {
    "node": "4aea156d3ff6",
    "algorithm": "broadcast",
    "start_time": 1748423978.8221202,
    "receive_time": 1748423978.8221202
  },
  {
    "node": "3c792d8f8fd6",
    "algorithm": "broadcast",
    "start_time": 1748423978.816467,
    "receive_time": 1748423978.816467
  },
  {
    "node": "ba5ec359dcc8",
    "algorithm": "broadcast",
    "start_time": 1748423978.8483977,
    "receive_time": 1748423978.8483977
  },
  {
    "node": "dd1177c095a7",
    "algorithm": "broadcast",
    "start_time": 1748423978.828597,
    "receive_time": 1748423978.828597
  },
  {
    "node": "3983b592a27a",
    "algorithm": "broadcast",
    "start_time": 1748423978.8458107,
    "receive_time": 1748423978.8458107
  },
  {
    "node": "bfbd79b5ada8",
    "algorithm": "broadcast",
    "start_time": 1748423978.813662,
    "receive_time": 1748423978.813662
  },
  {
    "node": "ffca44b79f30",
    "algorithm": "broadcast",
    "start_time": 1748423978.8118525,
    "receive_time": 1748423978.8118525
  },
  {
    "node": "adcb2d9fb4f0",
    "algorithm": "broadcast",
    "start_time": 1748423978.849588,
    "receive_time": 1748423978.849588
  },
  {
    "node": "d35f4cbb38a6",
    "algorithm": "broadcast",
    "start_time": 1748423978.8353925,
    "receive_time": 1748423978.8353925
  },
  {
    "node": "ce111656f21d",
    "algorithm": "broadcast",
    "start_time": 1748423978.8381162,
    "receive_time": 1748423978.8381162
  },
  {
    "node": "c06d28f64f1d",
    "algorithm": "broadcast",
    "start_time": 1748423978.852041,
    "receive_time": 1748423978.852041
  },
  {
    "node": "607bba9bbf21",
    "algorithm": "broadcast",
    "start_time": 1748423978.8324528,
    "receive_time": 1748423978.8324528
  },
  {
    "node": "ec81d8ce0115",
    "algorithm": "broadcast",
    "start_time": 1748423978.8369706,
    "receive_time": 1748423978.8369706
  },
  {
    "node": "d4bf8f13c193",
    "algorithm": "broadcast",
    "start_time": 1748423978.8208451,
    "receive_time": 1748423978.8208451
  },
  {
    "node": "fc616dd5f83a",
    "algorithm": "broadcast",
    "start_time": 1748423980.2542188,
    "receive_time": 1748423980.2542188
  },
  {
    "node": "9405d138a198",
    "algorithm": "broadcast",
    "start_time": 1748423978.8316164,
    "receive_time": 1748423978.8316164
  },
  {
    "node": "6364d708225b",
    "algorithm": "broadcast",
    "start_time": 1748423978.8333848,
    "receive_time": 1748423978.8333848
  },
  {
    "node": "0ba13a02c2db",
    "algorithm": "broadcast",
    "start_time": 1748423978.844847,
    "receive_time": 1748423978.844847
  },
  {
    "node": "1e7ed0db6035",
    "algorithm": "broadcast",
    "start_time": 1748423978.841633,
    "receive_time": 1748423978.841633
  }
]