[
  {
    "node": "f88bf72263c2",
    "algorithm": "broadcast",
    "start_time": 1748426360.6916006,
    "receive_time": 1748426360.6916006
  },
  {
    "node": "f9060278149d",
    "algorithm": "broadcast",
    "start_time": 1748426360.709423,
    "receive_time": 1748426360.709423
  },
  {
    "node": "78127dc48630",
    "algorithm": "broadcast",
    "start_time": 1748426360.7743225,
    "receive_time": 1748426360.7743225
  },
  {
    "node": "b42884e4673a",
    "algorithm": "broadcast",
    "start_time": 1748426360.775725,
    "receive_time": 1748426360.775725
  },
  {
    "node": "78ed6c6353e6",
    "algorithm": "broadcast",
    "start_time": 1748426360.68427,
    "receive_time": 1748426360.68427
  },
  {
    "node": "2b93ef7ebbb1",
    "algorithm": "broadcast",
    "start_time": 1748426360.772794,
    "receive_time": 1748426360.772794
  },
  {
    "node": "8a4434a9ca4d",
    "algorithm": "broadcast",
    "start_time": 1748426360.685618,
    "receive_time": 1748426360.685618
  },
  {
    "node": "8e24c4fa4e78",
    "algorithm": "broadcast",
    "start_time": 1748426360.7609003,
    "receive_time": 1748426360.7609003
  },
  {
    "node": "6193f0555f95",
    "algorithm": "broadcast",
    "start_time": 1748426360.770058,
    "receive_time": 1748426360.770058
  },
  {
    "node": "f06e7f86973a",
    "algorithm": "broadcast",
    "start_time": 1748426360.7571585,
    "receive_time": 1748426360.7571585
  },
  {
    "node": "b70fb07185dd",
    "algorithm": "broadcast",
    "start_time": 1748426360.7725978,
    "receive_time": 1748426360.7725978
  },
  {
    "node": "102cedf04324",
    "algorithm": "broadcast",
    "start_time": 1748426360.7627566,
    "receive_time": 1748426360.7627566
  },
  {
    "node": "1509f87f7dfa",
    "algorithm": "broadcast",
    "start_time": 1748426360.7586186,
    "receive_time": 1748426360.7586186
  },
  {
    "node": "93c2ecb90958",
    "algorithm": "broadcast",
    "start_time": 1748426360.6876793,
    "receive_time": 1748426360.6876793
  },
  {
    "node": "1253b5862ed4",
    "algorithm": "broadcast",
    "start_time": 1748426360.7247984,
    "receive_time": 1748426360.7247984
  },
  {
    "node": "ed9124be1c12",
    "algorithm": "broadcast",
    "start_time": 1748426360.750193,
    "receive_time": 1748426360.750193
  },
  {
    "node": "a6a6569e4073",
    "algorithm": "broadcast",
    "start_time": 1748426360.738785,
    "receive_time": 1748426360.738785
  },
  {
    "node": "6755866f2855",
    "algorithm": "broadcast",
    "start_time": 1748426360.7361932,
    "receive_time": 1748426360.7361932
  },
  {
    "node": "f081375a4dfe",
    "algorithm": "broadcast",
    "start_time": 1748426360.688567,
    "receive_time": 1748426360.688567
  },
  {
    "node": "f13de68bc055",
    "algorithm": "broadcast",
    "start_time": 1748426360.7788117,
    "receive_time": 1748426360.7788117
  },
  {
    "node": "e33f8e59a52c",
    "algorithm": "broadcast",
    "start_time": 1748426360.6865978,
    "receive_time": 1748426360.6865978
  },
  {
    "node": "75557185ac9b",
    "algorithm": "broadcast",
    "start_time": 1748426360.7652245,
    "receive_time": 1748426360.7652245
  },
  {
    "node": "1777f3ea8921",
    "algorithm": "broadcast",
    "start_time": 1748426360.6868188,
    "receive_time": 1748426360.6868188
  },
  {
    "node": "989d944c7a87",
    "algorithm": "broadcast",
    "start_time": 1748426360.77898,
    "receive_time": 1748426360.77898
  },
  {
    "node": "a793fa52051e",
    "algorithm": "broadcast",
    "start_time": 1748426360.7872732,
    "receive_time": 1748426360.7872732
  },
  {
    "node": "90a975b8e571",
    "algorithm": "broadcast",
    "start_time": 1748426360.757475,
    "receive_time": 1748426360.757475
  },
  {
    "node": "844dedb51d13",
    "algorithm": "broadcast",
    "start_time": 1748426360.7673213,
    "receive_time": 1748426360.7673213
  },
  {
    "node": "cc2fc39809ca",
    "algorithm": "broadcast",
    "start_time": 1748426360.753504,
    "receive_time": 1748426360.753504
  },
  {
    "node": "cc1017d959c2",
    "algorithm": "broadcast",
    "start_time": 1748426360.755737,
    "receive_time": 1748426360.755737
  },
  {
    "node": "f8247051a2c1",
    "algorithm": "broadcast",
    "start_time": 1748426360.7380095,
    "receive_time": 1748426360.7380095
  },
  {
    "node": "9751505ae09a",
    "algorithm": "broadcast",
    "start_time": 1748426360.756129,
    "receive_time": 1748426360.756129
  },
  {
    "node": "5624edc819d3",
    "algorithm": "broadcast",
    "start_time": 1748426360.7718513,
    "receive_time": 1748426360.7718513
  },
  {
    "node": "6c75d8241abf",
    "algorithm": "broadcast",
    "start_time": 1748426360.7755115,
    "receive_time": 1748426360.7755115
  },
  {
    "node": "6f504685df86",
    "algorithm": "broadcast",
    "start_time": 1748426360.6975005,
    "receive_time": 1748426360.6975005
  },
  {
    "node": "ea8fc3d1d7e6",
    "algorithm": "broadcast",
    "start_time": 1748426360.7084224,
    "receive_time": 1748426360.7084224
  },
  {
    "node": "2d0eb5ab9178",
    "algorithm": "broadcast",
    "start_time": 1748426360.6918187,
    "receive_time": 1748426360.6918187
  },
  {
    "node": "e370dd04c3eb",
    "algorithm": "broadcast",
    "start_time": 1748426360.7768462,
    "receive_time": 1748426360.7768462
  },
  {
    "node": "e0b8ab5f656c",
    "algorithm": "broadcast",
    "start_time": 1748426360.7661612,
    "receive_time": 1748426360.7661612
  },
  {
    "node": "3571ea1248c1",
    "algorithm": "broadcast",
    "start_time": 1748426360.758015,
    "receive_time": 1748426360.758015
  },
  {
    "node": "ade7c08981ea",
    "algorithm": "broadcast",
    "start_time": 1748426360.7398639,
    "receive_time": 1748426360.7398639
  },
  {
    "node": "15c5dd8684bc",
    "algorithm": "broadcast",
    "start_time": 1748426360.7130468,
    "receive_time": 1748426360.7130468
  },
  {
    "node": "f0f39a69f410",
    "algorithm": "broadcast",
    "start_time": 1748426360.7665348,
    "receive_time": 1748426360.7665348
  },
  {
    "node": "3518a7579ed7",
    "algorithm": "broadcast",
    "start_time": 1748426360.756649,
    "receive_time": 1748426360.756649
  },
  {
    "node": "3482521b7407",
    "algorithm": "broadcast",
    "start_time": 1748426360.725662,
    "receive_time": 1748426360.725662
  },
  {
    "node": "8500904c11c4",
    "algorithm": "broadcast",
    "start_time": 1748426360.7708066,
    "receive_time": 1748426360.7708066
  },
  {
    "node": "6dcc07f57631",
    "algorithm": "broadcast",
    "start_time": 1748426360.7266355,
    "receive_time": 1748426360.7266355
  },
  {
    "node": "778580606a32",
    "algorithm": "broadcast",
    "start_time": 1748426360.77773,
    "receive_time": 1748426360.77773
  },
  {
    "node": "4bab9760176c",
    "algorithm": "broadcast",
    "start_time": 1748426360.7765589,
    "receive_time": 1748426360.7765589
  },
  {
    "node": "559079f74824",
    "algorithm": "broadcast",
    "start_time": 1748426360.6905148,
    "receive_time": 1748426360.6905148
  },
  {
    "node": "2a19d16f4389",
    "algorithm": "broadcast",
    "start_time": 1748426360.7370622,
    "receive_time": 1748426360.7370622
  },
  {
    "node": "e2bf56a638fc",
    "algorithm": "broadcast",
    "start_time": 1748426360.7584739,
    "receive_time": 1748426360.7584739
  },
  {
    "node": "9be664e0a4f3",
    "algorithm": "broadcast",
    "start_time": 1748426360.774758,
    "receive_time": 1748426360.774758
  }
]