[
  {
    "node": "b18579b91b69",
    "algorithm": "broadcast",
    "start_time": 1748427606.3334177,
    "receive_time": 1748427606.3334177
  },
  {
    "node": "94892a616edc",
    "algorithm": "broadcast",
    "start_time": 1748427606.3298128,
    "receive_time": 1748427606.3298128
  },
  {
    "node": "8d01ba1b621a",
    "algorithm": "broadcast",
    "start_time": 1748427606.3232586,
    "receive_time": 1748427606.3232586
  },
  {
    "node": "6dd24863952f",
    "algorithm": "broadcast",
    "start_time": 1748427606.3401196,
    "receive_time": 1748427606.3401196
  },
  {
    "node": "949c92099fd3",
    "algorithm": "broadcast",
    "start_time": 1748427606.3180923,
    "receive_time": 1748427606.3180923
  },
  {
    "node": "ac54c8acefb9",
    "algorithm": "broadcast",
    "start_time": 1748427606.330966,
    "receive_time": 1748427606.330966
  },
  {
    "node": "c50f4266b24e",
    "algorithm": "broadcast",
    "start_time": 1748427606.3319087,
    "receive_time": 1748427606.3319087
  },
  {
    "node": "ac04dbd773cb",
    "algorithm": "broadcast",
    "start_time": 1748427606.3469746,
    "receive_time": 1748427606.3469746
  },
  {
    "node": "f2dbaca6dafb",
    "algorithm": "broadcast",
    "start_time": 1748427606.347111,
    "receive_time": 1748427606.347111
  },
  {
    "node": "5f9daf0cbc33",
    "algorithm": "broadcast",
    "start_time": 1748427606.3229868,
    "receive_time": 1748427606.3229868
  },
  {
    "node": "a95febdb5572",
    "algorithm": "broadcast",
    "start_time": 1748427606.3406441,
    "receive_time": 1748427606.3406441
  },
  {
    "node": "6487d7ff121d",
    "algorithm": "broadcast",
    "start_time": 1748427606.348448,
    "receive_time": 1748427606.348448
  },
  {
    "node": "e0ea4d51c21e",
    "algorithm": "broadcast",
    "start_time": 1748427606.33342,
    "receive_time": 1748427606.33342
  },
  {
    "node": "db45a71561f7",
    "algorithm": "broadcast",
    "start_time": 1748427606.3572903,
    "receive_time": 1748427606.3572903
  },
  {
    "node": "4ab47fdb2841",
    "algorithm": "broadcast",
    "start_time": 1748427606.3461773,
    "receive_time": 1748427606.3461773
  },
  {
    "node": "139f27266e30",
    "algorithm": "broadcast",
    "start_time": 1748427606.3329375,
    "receive_time": 1748427606.3329375
  },
  {
    "node": "256d10acfeac",
    "algorithm": "broadcast",
    "start_time": 1748427606.3723722,
    "receive_time": 1748427606.3723722
  },
  {
    "node": "a3ab34f5049f",
    "algorithm": "broadcast",
    "start_time": 1748427606.313788,
    "receive_time": 1748427606.313788
  },
  {
    "node": "0b4a6e57988d",
    "algorithm": "broadcast",
    "start_time": 1748427606.3259678,
    "receive_time": 1748427606.3259678
  },
  {
    "node": "ab7af5933163",
    "algorithm": "broadcast",
    "start_time": 1748427606.3165572,
    "receive_time": 1748427606.3165572
  },
  {
    "node": "0ff90577007f",
    "algorithm": "broadcast",
    "start_time": 1748427606.3593664,
    "receive_time": 1748427606.3593664
  },
  {
    "node": "06d19b388153",
    "algorithm": "broadcast",
    "start_time": 1748427606.3468215,
    "receive_time": 1748427606.3468215
  },
  {
    "node": "c18e98efd7f5",
    "algorithm": "broadcast",
    "start_time": 1748427606.3347054,
    "receive_time": 1748427606.3347054
  },
  {
    "node": "3bbbb34defda",
    "algorithm": "broadcast",
    "start_time": 1748427606.3462498,
    "receive_time": 1748427606.3462498
  },
  {
    "node": "1d9341a83464",
    "algorithm": "broadcast",
    "start_time": 1748427607.1899464,
    "receive_time": 1748427607.1899464
  },
  {
    "node": "a92fb8b2453c",
    "algorithm": "broadcast",
    "start_time": 1748427606.3561072,
    "receive_time": 1748427606.3561072
  },
  {
    "node": "f3de4cdbbda5",
    "algorithm": "broadcast",
    "start_time": 1748427607.2734125,
    "receive_time": 1748427607.2734125
  },
  {
    "node": "4dd8cb21b96c",
    "algorithm": "broadcast",
    "start_time": 1748427606.35887,
    "receive_time": 1748427606.35887
  },
  {
    "node": "6fad114a7d3f",
    "algorithm": "broadcast",
    "start_time": 1748427606.3417373,
    "receive_time": 1748427606.3417373
  },
  {
    "node": "e6c561a50c65",
    "algorithm": "broadcast",
    "start_time": 1748427606.4217362,
    "receive_time": 1748427606.4217362
  },
  {
    "node": "40df4ed49c73",
    "algorithm": "broadcast",
    "start_time": 1748427606.3239608,
    "receive_time": 1748427606.3239608
  },
  {
    "node": "f6ae62a08f0f",
    "algorithm": "broadcast",
    "start_time": 1748427606.3662784,
    "receive_time": 1748427606.3662784
  },
  {
    "node": "a7e4003e8c32",
    "algorithm": "broadcast",
    "start_time": 1748427606.3297436,
    "receive_time": 1748427606.3297436
  },
  {
    "node": "e083b590609c",
    "algorithm": "broadcast",
    "start_time": 1748427606.343523,
    "receive_time": 1748427606.343523
  },
  {
    "node": "d9086ea54f8c",
    "algorithm": "broadcast",
    "start_time": 1748427606.3490603,
    "receive_time": 1748427606.3490603
  },
  {
    "node": "214a925925b0",
    "algorithm": "broadcast",
    "start_time": 1748427607.2990248,
    "receive_time": 1748427607.2990248
  },
  {
    "node": "329739d74af8",
    "algorithm": "broadcast",
    "start_time": 1748427606.3167975,
    "receive_time": 1748427606.3167975
  },
  {
    "node": "597b0b217b9a",
    "algorithm": "broadcast",
    "start_time": 1748427606.3384755,
    "receive_time": 1748427606.3384755
  },
  {
    "node": "76a2851e989f",
    "algorithm": "broadcast",
    "start_time": 1748427606.3673666,
    "receive_time": 1748427606.3673666
  },
  {
    "node": "a1b82bda4a21",
    "algorithm": "broadcast",
    "start_time": 1748427606.3600879,
    "receive_time": 1748427606.3600879
  },
  {
    "node": "17f5d898a34a",
    "algorithm": "broadcast",
    "start_time": 1748427606.3540688,
    "receive_time": 1748427606.3540688
  },
  {
    "node": "1fcd39baaff6",
    "algorithm": "broadcast",
    "start_time": 1748427606.3153782,
    "receive_time": 1748427606.3153782
  },
  {
    "node": "34f53acdec45",
    "algorithm": "broadcast",
    "start_time": 1748427606.342143,
    "receive_time": 1748427606.342143
  },
  {
    "node": "5ec64d1f3938",
    "algorithm": "broadcast",
    "start_time": 1748427606.34656,
    "receive_time": 1748427606.34656
  },
  {
    "node": "ad7ea4321689",
    "algorithm": "broadcast",
    "start_time": 1748427606.3250294,
    "receive_time": 1748427606.3250294
  },
  {
    "node": "7958486411bc",
    "algorithm": "broadcast",
    "start_time": 1748427606.3534207,
    "receive_time": 1748427606.3534207
  },
  {
    "node": "982522730e21",
    "algorithm": "broadcast",
    "start_time": 1748427607.2368057,
    "receive_time": 1748427607.2368057
  },
  {
    "node": "4aca335f912c",
    "algorithm": "broadcast",
    "start_time": 1748427606.3666792,
    "receive_time": 1748427606.3666792
  },
  {
    "node": "bb2d93f23ed1",
    "algorithm": "broadcast",
    "start_time": 1748427606.4292786,
    "receive_time": 1748427606.4292786
  },
  {
    "node": "97615bb91ae2",
    "algorithm": "broadcast",
    "start_time": 1748427606.326882,
    "receive_time": 1748427606.326882
  },
  {
    "node": "25951c0d85bd",
    "algorithm": "broadcast",
    "start_time": 1748427606.3280077,
    "receive_time": 1748427606.3280077
  },
  {
    "node": "b5b3ee49faff",
    "algorithm": "broadcast",
    "start_time": 1748427606.4119499,
    "receive_time": 1748427606.4119499
  }
]