[
  {
    "node": "170d12411aea",
    "algorithm": "broadcast",
    "start_time": 1748426031.14006,
    "receive_time": 1748426031.14006
  },
  {
    "node": "3bc8a764e6a8",
    "algorithm": "broadcast",
    "start_time": 1748426031.1438098,
    "receive_time": 1748426031.1438098
  },
  {
    "node": "dec3b946b4af",
    "algorithm": "broadcast",
    "start_time": 1748426031.1334114,
    "receive_time": 1748426031.1334114
  },
  {
    "node": "7f0c37aa7ff7",
    "algorithm": "broadcast",
    "start_time": 1748426031.1986806,
    "receive_time": 1748426031.1986806
  },
  {
    "node": "68d29e6fd940",
    "algorithm": "broadcast",
    "start_time": 1748426031.1799219,
    "receive_time": 1748426031.1799219
  },
  {
    "node": "7ad4d4f70a3a",
    "algorithm": "broadcast",
    "start_time": 1748426031.1918302,
    "receive_time": 1748426031.1918302
  },
  {
    "node": "04d81df4553c",
    "algorithm": "broadcast",
    "start_time": 1748426031.1746073,
    "receive_time": 1748426031.1746073
  },
  {
    "node": "27667633850b",
    "algorithm": "broadcast",
    "start_time": 1748426031.1971345,
    "receive_time": 1748426031.1971345
  },
  {
    "node": "5191e58e0e25",
    "algorithm": "broadcast",
    "start_time": 1748426031.1350048,
    "receive_time": 1748426031.1350048
  },
  {
    "node": "241bf7ff984e",
    "algorithm": "broadcast",
    "start_time": 1748426031.16752,
    "receive_time": 1748426031.16752
  },
  {
    "node": "421ec4bdcb90",
    "algorithm": "broadcast",
    "start_time": 1748426031.1354125,
    "receive_time": 1748426031.1354125
  },
  {
    "node": "54bd109ae798",
    "algorithm": "broadcast",
    "start_time": 1748426031.1786015,
    "receive_time": 1748426031.1786015
  },
  {
    "node": "4f47b3ab3893",
    "algorithm": "broadcast",
    "start_time": 1748426031.167852,
    "receive_time": 1748426031.167852
  },
  {
    "node": "9d552bb18690",
    "algorithm": "broadcast",
    "start_time": 1748426031.1855125,
    "receive_time": 1748426031.1855125
  },
  {
    "node": "aaabd2eaa8fc",
    "algorithm": "broadcast",
    "start_time": 1748426031.1506548,
    "receive_time": 1748426031.1506548
  },
  {
    "node": "522c490ed31f",
    "algorithm": "broadcast",
    "start_time": 1748426031.2002497,
    "receive_time": 1748426031.2002497
  },
  {
    "node": "3e0a15b5f9e6",
    "algorithm": "broadcast",
    "start_time": 1748426031.1902046,
    "receive_time": 1748426031.1902046
  },
  {
    "node": "c22936c43da9",
    "algorithm": "broadcast",
    "start_time": 1748426031.132783,
    "receive_time": 1748426031.132783
  },
  {
    "node": "031d5d4291f9",
    "algorithm": "broadcast",
    "start_time": 1748426031.130529,
    "receive_time": 1748426031.130529
  },
  {
    "node": "ba517016d6b3",
    "algorithm": "broadcast",
    "start_time": 1748426031.2058494,
    "receive_time": 1748426031.2058494
  },
  {
    "node": "e20b6590b283",
    "algorithm": "broadcast",
    "start_time": 1748426031.1689105,
    "receive_time": 1748426031.1689105
  },
  {
    "node": "3ef4e01ae540",
    "algorithm": "broadcast",
    "start_time": 1748426031.1662252,
    "receive_time": 1748426031.1662252
  },
  {
    "node": "68ece6e5d143",
    "algorithm": "broadcast",
    "start_time": 1748426031.1318154,
    "receive_time": 1748426031.1318154
  },
  {
    "node": "6e01402b4506",
    "algorithm": "broadcast",
    "start_time": 1748426031.1372058,
    "receive_time": 1748426031.1372058
  },
  {
    "node": "1d26d3462f31",
    "algorithm": "broadcast",
    "start_time": 1748426031.1772478,
    "receive_time": 1748426031.1772478
  },
  {
    "node": "a2e6716ef8e2",
    "algorithm": "broadcast",
    "start_time": 1748426031.181177,
    "receive_time": 1748426031.181177
  },
  {
    "node": "d166dcd676f4",
    "algorithm": "broadcast",
    "start_time": 1748426031.1791112,
    "receive_time": 1748426031.1791112
  },
  {
    "node": "01c95f533014",
    "algorithm": "broadcast",
    "start_time": 1748426031.1998215,
    "receive_time": 1748426031.1998215
  },
  {
    "node": "27e99fcf9257",
    "algorithm": "broadcast",
    "start_time": 1748426031.1368704,
    "receive_time": 1748426031.1368704
  },
  {
    "node": "b8d9dd6a5817",
    "algorithm": "broadcast",
    "start_time": 1748426031.133446,
    "receive_time": 1748426031.133446
  },
  {
    "node": "b0d6a17565fe",
    "algorithm": "broadcast",
    "start_time": 1748426031.2016878,
    "receive_time": 1748426031.2016878
  },
  {
    "node": "2a5ef454eb8a",
    "algorithm": "broadcast",
    "start_time": 1748426031.1966648,
    "receive_time": 1748426031.1966648
  },
  {
    "node": "67e720a63105",
    "algorithm": "broadcast",
    "start_time": 1748426031.1499026,
    "receive_time": 1748426031.1499026
  },
  {
    "node": "8475114b65a7",
    "algorithm": "broadcast",
    "start_time": 1748426031.1374884,
    "receive_time": 1748426031.1374884
  },
  {
    "node": "387e720b776b",
    "algorithm": "broadcast",
    "start_time": 1748426032.6096122,
    "receive_time": 1748426032.6096122
  },
  {
    "node": "033cdffbd54f",
    "algorithm": "broadcast",
    "start_time": 1748426031.184347,
    "receive_time": 1748426031.184347
  },
  {
    "node": "fdda315122b7",
    "algorithm": "broadcast",
    "start_time": 1748426031.1911478,
    "receive_time": 1748426031.1911478
  },
  {
    "node": "1727f7971bcd",
    "algorithm": "broadcast",
    "start_time": 1748426031.1336617,
    "receive_time": 1748426031.1336617
  },
  {
    "node": "b503beffac5b",
    "algorithm": "broadcast",
    "start_time": 1748426031.1657746,
    "receive_time": 1748426031.1657746
  },
  {
    "node": "30dd62e3d7c3",
    "algorithm": "broadcast",
    "start_time": 1748426088.0793128,
    "receive_time": 1748426088.0793128
  },
  {
    "node": "b5125713f520",
    "algorithm": "broadcast",
    "start_time": 1748426088.0736058,
    "receive_time": 1748426088.0736058
  },
  {
    "node": "9bafc84a978c",
    "algorithm": "broadcast",
    "start_time": 1748426088.087051,
    "receive_time": 1748426088.087051
  },
  {
    "node": "2b41485a8e81",
    "algorithm": "broadcast",
    "start_time": 1748426088.100159,
    "receive_time": 1748426088.100159
  },
  {
    "node": "c419e014dff7",
    "algorithm": "broadcast",
    "start_time": 1748426088.083355,
    "receive_time": 1748426088.083355
  },
  {
    "node": "dd0154b15a4d",
    "algorithm": "broadcast",
    "start_time": 1748426088.0894728,
    "receive_time": 1748426088.0894728
  },
  {
    "node": "0ccabb5a75e3",
    "algorithm": "broadcast",
    "start_time": 1748426088.0917637,
    "receive_time": 1748426088.0917637
  },
  {
    "node": "923cd567eeda",
    "algorithm": "broadcast",
    "start_time": 1748426088.1035202,
    "receive_time": 1748426088.1035202
  },
  {
    "node": "c33fae5a9e63",
    "algorithm": "broadcast",
    "start_time": 1748426090.072267,
    "receive_time": 1748426090.072267
  },
  {
    "node": "13a49e8a37b9",
    "algorithm": "broadcast",
    "start_time": 1748426088.0923233,
    "receive_time": 1748426088.0923233
  },
  {
    "node": "3c38999ebf65",
    "algorithm": "broadcast",
    "start_time": 1748426088.0886762,
    "receive_time": 1748426088.0886762
  },
  {
    "node": "12aad003a498",
    "algorithm": "broadcast",
    "start_time": 1748426088.0736861,
    "receive_time": 1748426088.0736861
  },
  {
    "node": "573e724306e2",
    "algorithm": "broadcast",
    "start_time": 1748426088.1052163,
    "receive_time": 1748426088.1052163
  },
  {
    "node": "5dbbed97d533",
    "algorithm": "broadcast",
    "start_time": 1748426094.3039315,
    "receive_time": 1748426094.3039315
  },
  {
    "node": "470a5994595e",
    "algorithm": "broadcast",
    "start_time": 1748426104.2030597,
    "receive_time": 1748426104.2030597
  },
  {
    "node": "be07d9c008e2",
    "algorithm": "broadcast",
    "start_time": 1748426109.3219714,
    "receive_time": 1748426109.3219714
  },
  {
    "node": "d06998fd2b06",
    "algorithm": "broadcast",
    "start_time": 1748426113.22485,
    "receive_time": 1748426113.22485
  },
  {
    "node": "67d7be24505f",
    "algorithm": "broadcast",
    "start_time": 1748426127.3666668,
    "receive_time": 1748426127.3666668
  },
  {
    "node": "ba17e234cfe4",
    "algorithm": "broadcast",
    "start_time": 1748426127.3615966,
    "receive_time": 1748426127.3615966
  },
  {
    "node": "9e97e591394c",
    "algorithm": "broadcast",
    "start_time": 1748426127.362438,
    "receive_time": 1748426127.362438
  },
  {
    "node": "217bf3b1a3ef",
    "algorithm": "broadcast",
    "start_time": 1748426127.9750779,
    "receive_time": 1748426127.9750779
  },
  {
    "node": "ee35e2bddeea",
    "algorithm": "broadcast",
    "start_time": 1748426128.5450847,
    "receive_time": 1748426128.5450847
  },
  {
    "node": "c68df4b512da",
    "algorithm": "broadcast",
    "start_time": 1748426127.362749,
    "receive_time": 1748426127.362749
  }
]