[
  {
    "node": "f3b478a5187f",
    "algorithm": "broadcast",
    "start_time": 1748426907.8328943,
    "receive_time": 1748426907.8328943
  },
  {
    "node": "60d926a0bc9a",
    "algorithm": "broadcast",
    "start_time": 1748426907.831779,
    "receive_time": 1748426907.831779
  },
  {
    "node": "2eeb9a7bfe91",
    "algorithm": "broadcast",
    "start_time": 1748426907.832372,
    "receive_time": 1748426907.832372
  },
  {
    "node": "be9decd846c5",
    "algorithm": "broadcast",
    "start_time": 1748426907.8344328,
    "receive_time": 1748426907.8344328
  },
  {
    "node": "766bb24767fd",
    "algorithm": "broadcast",
    "start_time": 1748426907.8426037,
    "receive_time": 1748426907.8426037
  },
  {
    "node": "795e778ff735",
    "algorithm": "broadcast",
    "start_time": 1748426907.8413675,
    "receive_time": 1748426907.8413675
  },
  {
    "node": "d85622d0df24",
    "algorithm": "broadcast",
    "start_time": 1748426907.8357718,
    "receive_time": 1748426907.8357718
  },
  {
    "node": "8b7779410890",
    "algorithm": "broadcast",
    "start_time": 1748426907.8323882,
    "receive_time": 1748426907.8323882
  },
  {
    "node": "04b702d57769",
    "algorithm": "broadcast",
    "start_time": 1748426907.8352768,
    "receive_time": 1748426907.8352768
  },
  {
    "node": "70b63b2ab3a7",
    "algorithm": "broadcast",
    "start_time": 1748426907.8329332,
    "receive_time": 1748426907.8329332
  },
  {
    "node": "103bc3914083",
    "algorithm": "broadcast",
    "start_time": 1748426907.8348227,
    "receive_time": 1748426907.8348227
  },
  {
    "node": "fdc537512efb",
    "algorithm": "broadcast",
    "start_time": 1748426907.8406904,
    "receive_time": 1748426907.8406904
  },
  {
    "node": "35dcab40fce5",
    "algorithm": "broadcast",
    "start_time": 1748426907.8494194,
    "receive_time": 1748426907.8494194
  },
  {
    "node": "78101acf7224",
    "algorithm": "broadcast",
    "start_time": 1748426907.8354316,
    "receive_time": 1748426907.8354316
  },
  {
    "node": "2ade4c791054",
    "algorithm": "broadcast",
    "start_time": 1748426907.8519082,
    "receive_time": 1748426907.8519082
  },
  {
    "node": "0e7af269ade1",
    "algorithm": "broadcast",
    "start_time": 1748426907.8343267,
    "receive_time": 1748426907.8343267
  },
  {
    "node": "d54145231b55",
    "algorithm": "broadcast",
    "start_time": 1748426907.8526623,
    "receive_time": 1748426907.8526623
  },
  {
    "node": "051712122f66",
    "algorithm": "broadcast",
    "start_time": 1748426907.8397079,
    "receive_time": 1748426907.8397079
  },
  {
    "node": "1d3cb3d25ad3",
    "algorithm": "broadcast",
    "start_time": 1748426907.8463566,
    "receive_time": 1748426907.8463566
  },
  {
    "node": "eca81514b37f",
    "algorithm": "broadcast",
    "start_time": 1748426907.8530433,
    "receive_time": 1748426907.8530433
  },
  {
    "node": "4ac385f8d19c",
    "algorithm": "broadcast",
    "start_time": 1748426907.8495464,
    "receive_time": 1748426907.8495464
  },
  {
    "node": "428f7e32a75f",
    "algorithm": "broadcast",
    "start_time": 1748426907.8543339,
    "receive_time": 1748426907.8543339
  },
  {
    "node": "35a564496dff",
    "algorithm": "broadcast",
    "start_time": 1748426907.8415883,
    "receive_time": 1748426907.8415883
  },
  {
    "node": "e54ee393076d",
    "algorithm": "broadcast",
    "start_time": 1748426907.8461459,
    "receive_time": 1748426907.8461459
  },
  {
    "node": "c9d5b27a4047",
    "algorithm": "broadcast",
    "start_time": 1748426907.8429248,
    "receive_time": 1748426907.8429248
  },
  {
    "node": "83964b878d5f",
    "algorithm": "broadcast",
    "start_time": 1748426907.8514004,
    "receive_time": 1748426907.8514004
  },
  {
    "node": "86ec0805a7d9",
    "algorithm": "broadcast",
    "start_time": 1748426907.8527396,
    "receive_time": 1748426907.8527396
  },
  {
    "node": "feb4caf88af6",
    "algorithm": "broadcast",
    "start_time": 1748426907.872837,
    "receive_time": 1748426907.872837
  },
  {
    "node": "a07cb0b81ece",
    "algorithm": "broadcast",
    "start_time": 1748426907.8526342,
    "receive_time": 1748426907.8526342
  },
  {
    "node": "8a8384d823dc",
    "algorithm": "broadcast",
    "start_time": 1748426907.8366833,
    "receive_time": 1748426907.8366833
  },
  {
    "node": "ca52ce515af0",
    "algorithm": "broadcast",
    "start_time": 1748426907.8557677,
    "receive_time": 1748426907.8557677
  },
  {
    "node": "1d6dfdc7db37",
    "algorithm": "broadcast",
    "start_time": 1748426907.8448899,
    "receive_time": 1748426907.8448899
  },
  {
    "node": "58a250b5cca5",
    "algorithm": "broadcast",
    "start_time": 1748426907.8330312,
    "receive_time": 1748426907.8330312
  },
  {
    "node": "25a010f18abf",
    "algorithm": "broadcast",
    "start_time": 1748426907.8526874,
    "receive_time": 1748426907.8526874
  },
  {
    "node": "473b556758c8",
    "algorithm": "broadcast",
    "start_time": 1748426907.843442,
    "receive_time": 1748426907.843442
  },
  {
    "node": "b28f1817f647",
    "algorithm": "broadcast",
    "start_time": 1748426907.8332632,
    "receive_time": 1748426907.8332632
  },
  {
    "node": "f046db721e96",
    "algorithm": "broadcast",
    "start_time": 1748426907.849983,
    "receive_time": 1748426907.849983
  },
  {
    "node": "0fa2ad4fce45",
    "algorithm": "broadcast",
    "start_time": 1748426907.8466232,
    "receive_time": 1748426907.8466232
  },
  {
    "node": "0a9195d87a20",
    "algorithm": "broadcast",
    "start_time": 1748426907.845117,
    "receive_time": 1748426907.845117
  },
  {
    "node": "1e2057bbc177",
    "algorithm": "broadcast",
    "start_time": 1748426907.8403134,
    "receive_time": 1748426907.8403134
  },
  {
    "node": "c6de15ff3223",
    "algorithm": "broadcast",
    "start_time": 1748426980.6273925,
    "receive_time": 1748426980.6273925
  },
  {
    "node": "3ec97ec4765e",
    "algorithm": "broadcast",
    "start_time": 1748426980.632249,
    "receive_time": 1748426980.632249
  },
  {
    "node": "003350b53044",
    "algorithm": "broadcast",
    "start_time": 1748426980.679041,
    "receive_time": 1748426980.679041
  },
  {
    "node": "aaaafb1685c3",
    "algorithm": "broadcast",
    "start_time": 1748426980.6728976,
    "receive_time": 1748426980.6728976
  },
  {
    "node": "ebff6f21beb9",
    "algorithm": "broadcast",
    "start_time": 1748426980.705136,
    "receive_time": 1748426980.705136
  },
  {
    "node": "e99350f56372",
    "algorithm": "broadcast",
    "start_time": 1748426981.1339,
    "receive_time": 1748426981.1339
  },
  {
    "node": "79c944505898",
    "algorithm": "broadcast",
    "start_time": 1748426980.6915066,
    "receive_time": 1748426980.6915066
  },
  {
    "node": "bf8701391f81",
    "algorithm": "broadcast",
    "start_time": 1748426980.6772835,
    "receive_time": 1748426980.6772835
  },
  {
    "node": "19e37100949c",
    "algorithm": "broadcast",
    "start_time": 1748426980.6860402,
    "receive_time": 1748426980.6860402
  },
  {
    "node": "12a55f341d45",
    "algorithm": "broadcast",
    "start_time": 1748426980.6872005,
    "receive_time": 1748426980.6872005
  },
  {
    "node": "090eaddbe2df",
    "algorithm": "broadcast",
    "start_time": 1748426980.6957777,
    "receive_time": 1748426980.6957777
  },
  {
    "node": "5271364ba6bf",
    "algorithm": "broadcast",
    "start_time": 1748426980.6827924,
    "receive_time": 1748426980.6827924
  },
  {
    "node": "4df493efccef",
    "algorithm": "broadcast",
    "start_time": 1748426980.6894128,
    "receive_time": 1748426980.6894128
  },
  {
    "node": "124218a8af7f",
    "algorithm": "broadcast",
    "start_time": 1748426981.1358345,
    "receive_time": 1748426981.1358345
  },
  {
    "node": "988b21ac67ca",
    "algorithm": "broadcast",
    "start_time": 1748426980.6345828,
    "receive_time": 1748426980.6345828
  },
  {
    "node": "1f0637a1aaa1",
    "algorithm": "broadcast",
    "start_time": 1748426980.6782453,
    "receive_time": 1748426980.6782453
  },
  {
    "node": "e6a81adb331b",
    "algorithm": "broadcast",
    "start_time": 1748426980.6261961,
    "receive_time": 1748426980.6261961
  },
  {
    "node": "caed3547e1c5",
    "algorithm": "broadcast",
    "start_time": 1748426980.6930225,
    "receive_time": 1748426980.6930225
  },
  {
    "node": "511c987a5093",
    "algorithm": "broadcast",
    "start_time": 1748426980.6334326,
    "receive_time": 1748426980.6334326
  },
  {
    "node": "8898c20800d6",
    "algorithm": "broadcast",
    "start_time": 1748426981.512572,
    "receive_time": 1748426981.512572
  },
  {
    "node": "66813b8a8745",
    "algorithm": "broadcast",
    "start_time": 1748426980.6839693,
    "receive_time": 1748426980.6839693
  },
  {
    "node": "6220c973d232",
    "algorithm": "broadcast",
    "start_time": 1748426980.676234,
    "receive_time": 1748426980.676234
  },
  {
    "node": "7b55425f54c2",
    "algorithm": "broadcast",
    "start_time": 1748426991.1764078,
    "receive_time": 1748426991.1764078
  },
  {
    "node": "bc2cda9440d0",
    "algorithm": "broadcast",
    "start_time": 1748427047.2345154,
    "receive_time": 1748427047.2345154
  }
]