[
  {
    "node": "988c240d7eba",
    "algorithm": "broadcast",
    "start_time": 1748422799.357366,
    "receive_time": 1748422799.357366
  },
  {
    "node": "1aae47323df7",
    "algorithm": "broadcast",
    "start_time": 1748422799.3538642,
    "receive_time": 1748422799.3538642
  },
  {
    "node": "f2093d195be0",
    "algorithm": "broadcast",
    "start_time": 1748422799.3553839,
    "receive_time": 1748422799.3553839
  },
  {
    "node": "f22064826bc6",
    "algorithm": "broadcast",
    "start_time": 1748422799.3559077,
    "receive_time": 1748422799.3559077
  },
  {
    "node": "8d1696678f79",
    "algorithm": "broadcast",
    "start_time": 1748422799.3613062,
    "receive_time": 1748422799.3613062
  },
  {
    "node": "3e6cb4439713",
    "algorithm": "broadcast",
    "start_time": 1748422799.3607244,
    "receive_time": 1748422799.3607244
  },
  {
    "node": "53d4db166eed",
    "algorithm": "broadcast",
    "start_time": 1748422799.370414,
    "receive_time": 1748422799.370414
  },
  {
    "node": "3ff5a0f2c700",
    "algorithm": "broadcast",
    "start_time": 1748422799.3564787,
    "receive_time": 1748422799.3564787
  },
  {
    "node": "1ac754b381f0",
    "algorithm": "broadcast",
    "start_time": 1748422799.3544142,
    "receive_time": 1748422799.3544142
  },
  {
    "node": "03759daa29e5",
    "algorithm": "broadcast",
    "start_time": 1748422799.3576415,
    "receive_time": 1748422799.3576415
  },
  {
    "node": "6139bc4801dc",
    "algorithm": "broadcast",
    "start_time": 1748422799.3584511,
    "receive_time": 1748422799.3584511
  },
  {
    "node": "19ccdae533b2",
    "algorithm": "broadcast",
    "start_time": 1748422799.3563216,
    "receive_time": 1748422799.3563216
  },
  {
    "node": "094276ad3b6d",
    "algorithm": "broadcast",
    "start_time": 1748422799.3554924,
    "receive_time": 1748422799.3554924
  },
  {
    "node": "4e154af46fe7",
    "algorithm": "broadcast",
    "start_time": 1748422799.3543527,
    "receive_time": 1748422799.3543527
  },
  {
    "node": "79b70f532fbb",
    "algorithm": "broadcast",
    "start_time": 1748422799.3560326,
    "receive_time": 1748422799.3560326
  },
  {
    "node": "839fb5d2d9de",
    "algorithm": "broadcast",
    "start_time": 1748422799.3590841,
    "receive_time": 1748422799.3590841
  },
  {
    "node": "f2f964bec844",
    "algorithm": "broadcast",
    "start_time": 1748422799.3577113,
    "receive_time": 1748422799.3577113
  },
  {
    "node": "ac95cb2bb8b7",
    "algorithm": "broadcast",
    "start_time": 1748422799.370208,
    "receive_time": 1748422799.370208
  },
  {
    "node": "40cee7f3606b",
    "algorithm": "broadcast",
    "start_time": 1748422799.3693187,
    "receive_time": 1748422799.3693187
  },
  {
    "node": "d17d746666c8",
    "algorithm": "broadcast",
    "start_time": 1748422799.3609405,
    "receive_time": 1748422799.3609405
  },
  {
    "node": "71a66e998947",
    "algorithm": "broadcast",
    "start_time": 1748422799.3581195,
    "receive_time": 1748422799.3581195
  },
  {
    "node": "2a8a3013fd76",
    "algorithm": "broadcast",
    "start_time": 1748422799.355057,
    "receive_time": 1748422799.355057
  },
  {
    "node": "25202ea4e32d",
    "algorithm": "broadcast",
    "start_time": 1748422799.3684933,
    "receive_time": 1748422799.3684933
  },
  {
    "node": "53c0ea448f0a",
    "algorithm": "broadcast",
    "start_time": 1748422799.3634155,
    "receive_time": 1748422799.3634155
  },
  {
    "node": "b739336cbb81",
    "algorithm": "broadcast",
    "start_time": 1748422799.362178,
    "receive_time": 1748422799.362178
  },
  {
    "node": "bb281483ddcd",
    "algorithm": "broadcast",
    "start_time": 1748422799.3721914,
    "receive_time": 1748422799.3721914
  },
  {
    "node": "90e3ce82abc1",
    "algorithm": "broadcast",
    "start_time": 1748422799.3535438,
    "receive_time": 1748422799.3535438
  },
  {
    "node": "1a20ffd7a30a",
    "algorithm": "broadcast",
    "start_time": 1748422799.3602495,
    "receive_time": 1748422799.3602495
  },
  {
    "node": "3fcbafa3ed24",
    "algorithm": "broadcast",
    "start_time": 1748422799.363708,
    "receive_time": 1748422799.363708
  },
  {
    "node": "2398677e8f82",
    "algorithm": "broadcast",
    "start_time": 1748422799.3679197,
    "receive_time": 1748422799.3679197
  },
  {
    "node": "44e7c189d675",
    "algorithm": "broadcast",
    "start_time": 1748422799.3540578,
    "receive_time": 1748422799.3540578
  },
  {
    "node": "83b4a696e5b9",
    "algorithm": "broadcast",
    "start_time": 1748422799.356328,
    "receive_time": 1748422799.356328
  },
  {
    "node": "60c527db3bd9",
    "algorithm": "broadcast",
    "start_time": 1748422799.3638017,
    "receive_time": 1748422799.3638017
  },
  {
    "node": "4d302f5f481f",
    "algorithm": "broadcast",
    "start_time": 1748422799.3675523,
    "receive_time": 1748422799.3675523
  },
  {
    "node": "bd0947dfc2f7",
    "algorithm": "broadcast",
    "start_time": 1748422799.3661075,
    "receive_time": 1748422799.3661075
  },
  {
    "node": "6578abf4de7c",
    "algorithm": "broadcast",
    "start_time": 1748422799.3662682,
    "receive_time": 1748422799.3662682
  },
  {
    "node": "0f7ee3671640",
    "algorithm": "broadcast",
    "start_time": 1748422799.3585737,
    "receive_time": 1748422799.3585737
  },
  {
    "node": "2bf6a16a32f7",
    "algorithm": "broadcast",
    "start_time": 1748422799.3750837,
    "receive_time": 1748422799.3750837
  },
  {
    "node": "89105701b5f4",
    "algorithm": "broadcast",
    "start_time": 1748422799.3652587,
    "receive_time": 1748422799.3652587
  },
  {
    "node": "e847b7202750",
    "algorithm": "broadcast",
    "start_time": 1748422799.365738,
    "receive_time": 1748422799.365738
  },
  {
    "node": "c78736de0186",
    "algorithm": "broadcast",
    "start_time": 1748422799.3739579,
    "receive_time": 1748422799.3739579
  },
  {
    "node": "51b3fc729319",
    "algorithm": "broadcast",
    "start_time": 1748422799.3629715,
    "receive_time": 1748422799.3629715
  },
  {
    "node": "69edc0cee676",
    "algorithm": "broadcast",
    "start_time": 1748422799.3714128,
    "receive_time": 1748422799.3714128
  },
  {
    "node": "f0febda57c38",
    "algorithm": "broadcast",
    "start_time": 1748422799.3645263,
    "receive_time": 1748422799.3645263
  },
  {
    "node": "fd7c0554f546",
    "algorithm": "broadcast",
    "start_time": 1748422799.3708088,
    "receive_time": 1748422799.3708088
  },
  {
    "node": "e795a5ee44e7",
    "algorithm": "broadcast",
    "start_time": 1748422799.3698537,
    "receive_time": 1748422799.3698537
  },
  {
    "node": "c95476099a53",
    "algorithm": "broadcast",
    "start_time": 1748422799.3729331,
    "receive_time": 1748422799.3729331
  },
  {
    "node": "afbbeac3fc9f",
    "algorithm": "broadcast",
    "start_time": 1748422799.369536,
    "receive_time": 1748422799.369536
  },
  {
    "node": "8b04df39a824",
    "algorithm": "broadcast",
    "start_time": 1748422799.3740985,
    "receive_time": 1748422799.3740985
  },
  {
    "node": "6b6d8c90e632",
    "algorithm": "broadcast",
    "start_time": 1748422799.363459,
    "receive_time": 1748422799.363459
  },
  {
    "node": "1f2f43a4ac84",
    "algorithm": "broadcast",
    "start_time": 1748422799.3696826,
    "receive_time": 1748422799.3696826
  },
  {
    "node": "f4b140b36267",
    "algorithm": "broadcast",
    "start_time": 1748422799.365411,
    "receive_time": 1748422799.365411
  },
  {
    "node": "411ffaef3e74",
    "algorithm": "broadcast",
    "start_time": 1748422799.3737617,
    "receive_time": 1748422799.3737617
  },
  {
    "node": "37c54c9f0523",
    "algorithm": "broadcast",
    "start_time": 1748422828.4850717,
    "receive_time": 1748422828.4850717
  },
  {
    "node": "376585600fbf",
    "algorithm": "broadcast",
    "start_time": 1748422832.851671,
    "receive_time": 1748422832.851671
  },
  {
    "node": "df716f0353ca",
    "algorithm": "broadcast",
    "start_time": 1748422832.912985,
    "receive_time": 1748422832.912985
  },
  {
    "node": "85a7bd2dc99b",
    "algorithm": "broadcast",
    "start_time": 1748422835.3332753,
    "receive_time": 1748422835.3332753
  },
  {
    "node": "fda243758e71",
    "algorithm": "broadcast",
    "start_time": 1748422835.9733725,
    "receive_time": 1748422835.9733725
  },
  {
    "node": "db3f94aaea3c",
    "algorithm": "broadcast",
    "start_time": 1748422835.969953,
    "receive_time": 1748422835.969953
  },
  {
    "node": "05731bfe6748",
    "algorithm": "broadcast",
    "start_time": 1748422835.969667,
    "receive_time": 1748422835.969667
  },
  {
    "node": "09495dd343d4",
    "algorithm": "broadcast",
    "start_time": 1748422834.9968936,
    "receive_time": 1748422834.9968936
  },
  {
    "node": "1bc13b192525",
    "algorithm": "broadcast",
    "start_time": 1748422838.0458739,
    "receive_time": 1748422838.0458739
  },
  {
    "node": "1e7d7e7f64c5",
    "algorithm": "broadcast",
    "start_time": 1748422838.848442,
    "receive_time": 1748422838.848442
  },
  {
    "node": "6bc97efd0ea9",
    "algorithm": "broadcast",
    "start_time": 1748422835.9718852,
    "receive_time": 1748422835.9718852
  },
  {
    "node": "9a5326c4317c",
    "algorithm": "broadcast",
    "start_time": 1748422840.1305146,
    "receive_time": 1748422840.1305146
  },
  {
    "node": "c3ca8b415e24",
    "algorithm": "broadcast",
    "start_time": 1748422840.1315186,
    "receive_time": 1748422840.1315186
  },
  {
    "node": "d6878fa32016",
    "algorithm": "broadcast",
    "start_time": 1748422842.562203,
    "receive_time": 1748422842.562203
  },
  {
    "node": "6459967f70f8",
    "algorithm": "broadcast",
    "start_time": 1748422842.562548,
    "receive_time": 1748422842.562548
  },
  {
    "node": "d1b1c110afa2",
    "algorithm": "broadcast",
    "start_time": 1748422842.5631707,
    "receive_time": 1748422842.5631707
  },
  {
    "node": "dd90c45fea71",
    "algorithm": "broadcast",
    "start_time": 1748422842.5614686,
    "receive_time": 1748422842.5614686
  },
  {
    "node": "e519a3d4f07e",
    "algorithm": "broadcast",
    "start_time": 1748422843.81415,
    "receive_time": 1748422843.81415
  },
  {
    "node": "683322244e62",
    "algorithm": "broadcast",
    "start_time": 1748422843.814616,
    "receive_time": 1748422843.814616
  },
  {
    "node": "5a6132afd1b2",
    "algorithm": "broadcast",
    "start_time": 1748422843.8148568,
    "receive_time": 1748422843.8148568
  },
  {
    "node": "d75b70a7f50a",
    "algorithm": "broadcast",
    "start_time": 1748422843.81434,
    "receive_time": 1748422843.81434
  },
  {
    "node": "66f647b13376",
    "algorithm": "broadcast",
    "start_time": 1748422844.9453678,
    "receive_time": 1748422844.9453678
  },
  {
    "node": "5bafabe87498",
    "algorithm": "broadcast",
    "start_time": 1748422845.0377002,
    "receive_time": 1748422845.0377002
  },
  {
    "node": "10986790889c",
    "algorithm": "broadcast",
    "start_time": 1748422844.9450774,
    "receive_time": 1748422844.9450774
  },
  {
    "node": "2fd5a1ef5501",
    "algorithm": "broadcast",
    "start_time": 1748422845.0166147,
    "receive_time": 1748422845.0166147
  },
  {
    "node": "585838c2fc24",
    "algorithm": "broadcast",
    "start_time": 1748422848.2540424,
    "receive_time": 1748422848.2540424
  },
  {
    "node": "1a626488a95d",
    "algorithm": "broadcast",
    "start_time": 1748422848.2544553,
    "receive_time": 1748422848.2544553
  },
  {
    "node": "03ca205b1616",
    "algorithm": "broadcast",
    "start_time": 1748422849.8716767,
    "receive_time": 1748422849.8716767
  },
  {
    "node": "d9cba2b9a81a",
    "algorithm": "broadcast",
    "start_time": 1748422856.0006201,
    "receive_time": 1748422856.0006201
  },
  {
    "node": "15f0738f02c3",
    "algorithm": "broadcast",
    "start_time": 1748422857.3403528,
    "receive_time": 1748422857.3403528
  }
]