[
  {
    "node": "25683e9160fe",
    "algorithm": "broadcast",
    "start_time": 1748424794.6229124,
    "receive_time": 1748424794.6229124
  },
  {
    "node": "14cdaa52f3e2",
    "algorithm": "broadcast",
    "start_time": 1748424794.6265163,
    "receive_time": 1748424794.6265163
  },
  {
    "node": "3103fcd92d6d",
    "algorithm": "broadcast",
    "start_time": 1748424794.6431706,
    "receive_time": 1748424794.6431706
  },
  {
    "node": "a72726cf72f8",
    "algorithm": "broadcast",
    "start_time": 1748424794.6371179,
    "receive_time": 1748424794.6371179
  },
  {
    "node": "0a47358d16dd",
    "algorithm": "broadcast",
    "start_time": 1748424794.6365945,
    "receive_time": 1748424794.6365945
  },
  {
    "node": "5eb7b4ecaec2",
    "algorithm": "broadcast",
    "start_time": 1748424794.6404953,
    "receive_time": 1748424794.6404953
  },
  {
    "node": "32410e02489a",
    "algorithm": "broadcast",
    "start_time": 1748424794.6255422,
    "receive_time": 1748424794.6255422
  },
  {
    "node": "ec3b9c402612",
    "algorithm": "broadcast",
    "start_time": 1748424794.6465235,
    "receive_time": 1748424794.6465235
  },
  {
    "node": "6eea24a4ee25",
    "algorithm": "broadcast",
    "start_time": 1748424794.6213572,
    "receive_time": 1748424794.6213572
  },
  {
    "node": "f07154f09f49",
    "algorithm": "broadcast",
    "start_time": 1748424794.6259668,
    "receive_time": 1748424794.6259668
  },
  {
    "node": "83c6861015aa",
    "algorithm": "broadcast",
    "start_time": 1748424794.6431434,
    "receive_time": 1748424794.6431434
  },
  {
    "node": "238433f04c85",
    "algorithm": "broadcast",
    "start_time": 1748424794.6412153,
    "receive_time": 1748424794.6412153
  },
  {
    "node": "1c2222541a2c",
    "algorithm": "broadcast",
    "start_time": 1748424794.6253788,
    "receive_time": 1748424794.6253788
  },
  {
    "node": "4d77e31df528",
    "algorithm": "broadcast",
    "start_time": 1748424794.6650376,
    "receive_time": 1748424794.6650376
  },
  {
    "node": "897acdc7cae8",
    "algorithm": "broadcast",
    "start_time": 1748424794.6425178,
    "receive_time": 1748424794.6425178
  },
  {
    "node": "87ec98bbaf56",
    "algorithm": "broadcast",
    "start_time": 1748424794.6499245,
    "receive_time": 1748424794.6499245
  },
  {
    "node": "9b7288289c62",
    "algorithm": "broadcast",
    "start_time": 1748424794.6473598,
    "receive_time": 1748424794.6473598
  },
  {
    "node": "951a66b49dee",
    "algorithm": "broadcast",
    "start_time": 1748424794.6522338,
    "receive_time": 1748424794.6522338
  },
  {
    "node": "d200d012f528",
    "algorithm": "broadcast",
    "start_time": 1748424794.627475,
    "receive_time": 1748424794.627475
  },
  {
    "node": "7848e7d86852",
    "algorithm": "broadcast",
    "start_time": 1748424794.638107,
    "receive_time": 1748424794.638107
  },
  {
    "node": "019c0a28cc75",
    "algorithm": "broadcast",
    "start_time": 1748424794.6414938,
    "receive_time": 1748424794.6414938
  },
  {
    "node": "4527b08db7a2",
    "algorithm": "broadcast",
    "start_time": 1748424794.654742,
    "receive_time": 1748424794.654742
  },
  {
    "node": "3b5d6dc4497c",
    "algorithm": "broadcast",
    "start_time": 1748424794.642533,
    "receive_time": 1748424794.642533
  },
  {
    "node": "e56565bebd45",
    "algorithm": "broadcast",
    "start_time": 1748424794.6232464,
    "receive_time": 1748424794.6232464
  },
  {
    "node": "a8a023c834a0",
    "algorithm": "broadcast",
    "start_time": 1748424794.6620753,
    "receive_time": 1748424794.6620753
  },
  {
    "node": "9a79047415e7",
    "algorithm": "broadcast",
    "start_time": 1748424794.6446803,
    "receive_time": 1748424794.6446803
  },
  {
    "node": "7a67b3974750",
    "algorithm": "broadcast",
    "start_time": 1748424794.6433237,
    "receive_time": 1748424794.6433237
  },
  {
    "node": "9995603db7db",
    "algorithm": "broadcast",
    "start_time": 1748424794.635283,
    "receive_time": 1748424794.635283
  },
  {
    "node": "fdc0ff74fedc",
    "algorithm": "broadcast",
    "start_time": 1748424794.65535,
    "receive_time": 1748424794.65535
  },
  {
    "node": "05ddf35b6a1c",
    "algorithm": "broadcast",
    "start_time": 1748424794.6568036,
    "receive_time": 1748424794.6568036
  },
  {
    "node": "38a6ecf88f0a",
    "algorithm": "broadcast",
    "start_time": 1748424794.6480825,
    "receive_time": 1748424794.6480825
  },
  {
    "node": "8c5e3bb73079",
    "algorithm": "broadcast",
    "start_time": 1748424794.646737,
    "receive_time": 1748424794.646737
  },
  {
    "node": "fb17c7b944d3",
    "algorithm": "broadcast",
    "start_time": 1748424794.662251,
    "receive_time": 1748424794.662251
  },
  {
    "node": "0bf09486ba74",
    "algorithm": "broadcast",
    "start_time": 1748424794.6532154,
    "receive_time": 1748424794.6532154
  },
  {
    "node": "db8e4a60f62c",
    "algorithm": "broadcast",
    "start_time": 1748424794.6510468,
    "receive_time": 1748424794.6510468
  },
  {
    "node": "73182ccc8070",
    "algorithm": "broadcast",
    "start_time": 1748424796.5720084,
    "receive_time": 1748424796.5720084
  },
  {
    "node": "12cdb5408eeb",
    "algorithm": "broadcast",
    "start_time": 1748424796.5488734,
    "receive_time": 1748424796.5488734
  },
  {
    "node": "ab6db249cd3a",
    "algorithm": "broadcast",
    "start_time": 1748424796.5442235,
    "receive_time": 1748424796.5442235
  },
  {
    "node": "89d6dfc605bf",
    "algorithm": "broadcast",
    "start_time": 1748424796.5387611,
    "receive_time": 1748424796.5387611
  },
  {
    "node": "790cddaa09ca",
    "algorithm": "broadcast",
    "start_time": 1748424834.4934344,
    "receive_time": 1748424834.4934344
  },
  {
    "node": "2513de2dc898",
    "algorithm": "broadcast",
    "start_time": 1748424835.9455214,
    "receive_time": 1748424835.9455214
  },
  {
    "node": "90cbe6f07049",
    "algorithm": "broadcast",
    "start_time": 1748424836.7379196,
    "receive_time": 1748424836.7379196
  },
  {
    "node": "dbbbc8316f99",
    "algorithm": "broadcast",
    "start_time": 1748424837.3847458,
    "receive_time": 1748424837.3847458
  },
  {
    "node": "642b69c50a9c",
    "algorithm": "broadcast",
    "start_time": 1748424842.8365383,
    "receive_time": 1748424842.8365383
  },
  {
    "node": "95ad540a488b",
    "algorithm": "broadcast",
    "start_time": 1748424842.8387444,
    "receive_time": 1748424842.8387444
  },
  {
    "node": "9b2514d81d00",
    "algorithm": "broadcast",
    "start_time": 1748424842.8379567,
    "receive_time": 1748424842.8379567
  },
  {
    "node": "55d56c91939d",
    "algorithm": "broadcast",
    "start_time": 1748424842.836713,
    "receive_time": 1748424842.836713
  },
  {
    "node": "2a98e7a87d0b",
    "algorithm": "broadcast",
    "start_time": 1748424843.9104114,
    "receive_time": 1748424843.9104114
  },
  {
    "node": "ba4a24674c35",
    "algorithm": "broadcast",
    "start_time": 1748424843.8911757,
    "receive_time": 1748424843.8911757
  },
  {
    "node": "893a565297c3",
    "algorithm": "broadcast",
    "start_time": 1748424843.8535676,
    "receive_time": 1748424843.8535676
  },
  {
    "node": "e63fc9aaaeaa",
    "algorithm": "broadcast",
    "start_time": 1748424849.4898534,
    "receive_time": 1748424849.4898534
  },
  {
    "node": "e361ca7459fb",
    "algorithm": "broadcast",
    "start_time": 1748424849.4870634,
    "receive_time": 1748424849.4870634
  },
  {
    "node": "3ae37561a490",
    "algorithm": "broadcast",
    "start_time": 1748424849.4902394,
    "receive_time": 1748424849.4902394
  },
  {
    "node": "4bb73cde4b49",
    "algorithm": "broadcast",
    "start_time": 1748424849.4910638,
    "receive_time": 1748424849.4910638
  },
  {
    "node": "ab9543bf9cdc",
    "algorithm": "broadcast",
    "start_time": 1748424855.3220096,
    "receive_time": 1748424855.3220096
  },
  {
    "node": "0cefbf9aa08a",
    "algorithm": "broadcast",
    "start_time": 1748424855.3222902,
    "receive_time": 1748424855.3222902
  },
  {
    "node": "7bfbcf0b23aa",
    "algorithm": "broadcast",
    "start_time": 1748424855.322784,
    "receive_time": 1748424855.322784
  },
  {
    "node": "bda752411031",
    "algorithm": "broadcast",
    "start_time": 1748424855.3039887,
    "receive_time": 1748424855.3039887
  },
  {
    "node": "148895df9106",
    "algorithm": "broadcast",
    "start_time": 1748424862.192529,
    "receive_time": 1748424862.192529
  },
  {
    "node": "814ca4183026",
    "algorithm": "broadcast",
    "start_time": 1748424862.3231533,
    "receive_time": 1748424862.3231533
  },
  {
    "node": "1655487a5f1a",
    "algorithm": "broadcast",
    "start_time": 1748424885.918847,
    "receive_time": 1748424885.918847
  },
  {
    "node": "b0bff56ac5ef",
    "algorithm": "broadcast",
    "start_time": 1748424896.9144895,
    "receive_time": 1748424896.9144895
  },
  {
    "node": "7e19f7c926b0",
    "algorithm": "broadcast",
    "start_time": 1748424896.914042,
    "receive_time": 1748424896.914042
  },
  {
    "node": "ffa2cd428793",
    "algorithm": "broadcast",
    "start_time": 1748424896.9136863,
    "receive_time": 1748424896.9136863
  },
  {
    "node": "e5a2a52d3d6b",
    "algorithm": "broadcast",
    "start_time": 1748424896.9140656,
    "receive_time": 1748424896.9140656
  },
  {
    "node": "b0b3a6240ffe",
    "algorithm": "broadcast",
    "start_time": 1748424897.7086117,
    "receive_time": 1748424897.7086117
  },
  {
    "node": "1b57905d2267",
    "algorithm": "broadcast",
    "start_time": 1748424897.7079,
    "receive_time": 1748424897.7079
  },
  {
    "node": "636049a4a1f0",
    "algorithm": "broadcast",
    "start_time": 1748424897.709043,
    "receive_time": 1748424897.709043
  }
]