[
  {
    "node": "cd6b36f084c5",
    "algorithm": "broadcast",
    "start_time": 1748423082.0947905,
    "receive_time": 1748423082.0947905
  },
  {
    "node": "f400c4d105a5",
    "algorithm": "broadcast",
    "start_time": 1748423082.0905724,
    "receive_time": 1748423082.0905724
  },
  {
    "node": "b373064148cc",
    "algorithm": "broadcast",
    "start_time": 1748423082.090095,
    "receive_time": 1748423082.090095
  },
  {
    "node": "ea400a36327b",
    "algorithm": "broadcast",
    "start_time": 1748423082.0911858,
    "receive_time": 1748423082.0911858
  },
  {
    "node": "94b16b2629ad",
    "algorithm": "broadcast",
    "start_time": 1748423082.1076589,
    "receive_time": 1748423082.1076589
  },
  {
    "node": "61a82ad7b0ee",
    "algorithm": "broadcast",
    "start_time": 1748423082.0877373,
    "receive_time": 1748423082.0877373
  },
  {
    "node": "9ae087dee61c",
    "algorithm": "broadcast",
    "start_time": 1748423082.1086314,
    "receive_time": 1748423082.1086314
  },
  {
    "node": "f9631dd58952",
    "algorithm": "broadcast",
    "start_time": 1748423082.0887527,
    "receive_time": 1748423082.0887527
  },
  {
    "node": "3ade3e022095",
    "algorithm": "broadcast",
    "start_time": 1748423082.0915024,
    "receive_time": 1748423082.0915024
  },
  {
    "node": "55ae046d3d5d",
    "algorithm": "broadcast",
    "start_time": 1748423082.1244357,
    "receive_time": 1748423082.1244357
  },
  {
    "node": "df2c4b1f7c89",
    "algorithm": "broadcast",
    "start_time": 1748423082.1106975,
    "receive_time": 1748423082.1106975
  },
  {
    "node": "ff5a9fdd9354",
    "algorithm": "broadcast",
    "start_time": 1748423082.0935326,
    "receive_time": 1748423082.0935326
  },
  {
    "node": "89da770c9592",
    "algorithm": "broadcast",
    "start_time": 1748423082.092061,
    "receive_time": 1748423082.092061
  },
  {
    "node": "1597b72b173a",
    "algorithm": "broadcast",
    "start_time": 1748423082.122745,
    "receive_time": 1748423082.122745
  },
  {
    "node": "69fc246a238c",
    "algorithm": "broadcast",
    "start_time": 1748423082.089445,
    "receive_time": 1748423082.089445
  },
  {
    "node": "3f584ebe6f5d",
    "algorithm": "broadcast",
    "start_time": 1748423082.1100647,
    "receive_time": 1748423082.1100647
  },
  {
    "node": "090a56af9257",
    "algorithm": "broadcast",
    "start_time": 1748423082.0869484,
    "receive_time": 1748423082.0869484
  },
  {
    "node": "3ac26f57722a",
    "algorithm": "broadcast",
    "start_time": 1748423082.0881093,
    "receive_time": 1748423082.0881093
  },
  {
    "node": "46441abb29cb",
    "algorithm": "broadcast",
    "start_time": 1748423082.1200895,
    "receive_time": 1748423082.1200895
  },
  {
    "node": "6aff4354f258",
    "algorithm": "broadcast",
    "start_time": 1748423082.1231682,
    "receive_time": 1748423082.1231682
  },
  {
    "node": "b97ef4be9931",
    "algorithm": "broadcast",
    "start_time": 1748423082.094362,
    "receive_time": 1748423082.094362
  },
  {
    "node": "b2fa94ea9b24",
    "algorithm": "broadcast",
    "start_time": 1748423082.1080987,
    "receive_time": 1748423082.1080987
  },
  {
    "node": "22465b2ca478",
    "algorithm": "broadcast",
    "start_time": 1748423082.123577,
    "receive_time": 1748423082.123577
  },
  {
    "node": "2e3f31cb14e8",
    "algorithm": "broadcast",
    "start_time": 1748423082.1061506,
    "receive_time": 1748423082.1061506
  },
  {
    "node": "e1f2f0169fd8",
    "algorithm": "broadcast",
    "start_time": 1748423082.107341,
    "receive_time": 1748423082.107341
  },
  {
    "node": "4b1f128454db",
    "algorithm": "broadcast",
    "start_time": 1748423082.1037228,
    "receive_time": 1748423082.1037228
  },
  {
    "node": "b17282d10afd",
    "algorithm": "broadcast",
    "start_time": 1748423082.1242623,
    "receive_time": 1748423082.1242623
  },
  {
    "node": "00384a460d6b",
    "algorithm": "broadcast",
    "start_time": 1748423082.10866,
    "receive_time": 1748423082.10866
  },
  {
    "node": "3ffc10a3b6e0",
    "algorithm": "broadcast",
    "start_time": 1748423082.1045947,
    "receive_time": 1748423082.1045947
  },
  {
    "node": "c9afd6aca877",
    "algorithm": "broadcast",
    "start_time": 1748423082.1090858,
    "receive_time": 1748423082.1090858
  },
  {
    "node": "5e743c9e801d",
    "algorithm": "broadcast",
    "start_time": 1748423082.122202,
    "receive_time": 1748423082.122202
  },
  {
    "node": "6b00c321a158",
    "algorithm": "broadcast",
    "start_time": 1748423082.1012528,
    "receive_time": 1748423082.1012528
  },
  {
    "node": "5acfd4f59d61",
    "algorithm": "broadcast",
    "start_time": 1748423082.0930998,
    "receive_time": 1748423082.0930998
  },
  {
    "node": "631e34710245",
    "algorithm": "broadcast",
    "start_time": 1748423082.105503,
    "receive_time": 1748423082.105503
  },
  {
    "node": "d9c18f88a7a5",
    "algorithm": "broadcast",
    "start_time": 1748423082.107736,
    "receive_time": 1748423082.107736
  },
  {
    "node": "702c75b10de8",
    "algorithm": "broadcast",
    "start_time": 1748423082.1076396,
    "receive_time": 1748423082.1076396
  },
  {
    "node": "b5988840ec9d",
    "algorithm": "broadcast",
    "start_time": 1748423082.132172,
    "receive_time": 1748423082.132172
  },
  {
    "node": "6280ff1b4e84",
    "algorithm": "broadcast",
    "start_time": 1748423082.0939884,
    "receive_time": 1748423082.0939884
  },
  {
    "node": "e2e56a3b53a5",
    "algorithm": "broadcast",
    "start_time": 1748423082.089738,
    "receive_time": 1748423082.089738
  },
  {
    "node": "2063648df089",
    "algorithm": "broadcast",
    "start_time": 1748423082.1048324,
    "receive_time": 1748423082.1048324
  },
  {
    "node": "a49f8f94a688",
    "algorithm": "broadcast",
    "start_time": 1748423082.1026566,
    "receive_time": 1748423082.1026566
  },
  {
    "node": "c338d3c14737",
    "algorithm": "broadcast",
    "start_time": 1748423082.110726,
    "receive_time": 1748423082.110726
  },
  {
    "node": "8c231bbee182",
    "algorithm": "broadcast",
    "start_time": 1748423082.1091273,
    "receive_time": 1748423082.1091273
  },
  {
    "node": "53797046786e",
    "algorithm": "broadcast",
    "start_time": 1748423150.6654217,
    "receive_time": 1748423150.6654217
  },
  {
    "node": "9329c5dca52c",
    "algorithm": "broadcast",
    "start_time": 1748423150.676583,
    "receive_time": 1748423150.676583
  },
  {
    "node": "42002ef37b71",
    "algorithm": "broadcast",
    "start_time": 1748423150.6645188,
    "receive_time": 1748423150.6645188
  },
  {
    "node": "c1fa6b9a1368",
    "algorithm": "broadcast",
    "start_time": 1748423150.8311863,
    "receive_time": 1748423150.8311863
  },
  {
    "node": "acdef53be8e6",
    "algorithm": "broadcast",
    "start_time": 1748423150.6670394,
    "receive_time": 1748423150.6670394
  },
  {
    "node": "90e8b9a2deb2",
    "algorithm": "broadcast",
    "start_time": 1748423150.66463,
    "receive_time": 1748423150.66463
  },
  {
    "node": "8b57160bfb2d",
    "algorithm": "broadcast",
    "start_time": 1748423150.6668587,
    "receive_time": 1748423150.6668587
  },
  {
    "node": "cc7c8d1533ea",
    "algorithm": "broadcast",
    "start_time": 1748423150.6661384,
    "receive_time": 1748423150.6661384
  },
  {
    "node": "483121f564d3",
    "algorithm": "broadcast",
    "start_time": 1748423150.8360274,
    "receive_time": 1748423150.8360274
  },
  {
    "node": "f286c15f5152",
    "algorithm": "broadcast",
    "start_time": 1748423150.6710782,
    "receive_time": 1748423150.6710782
  },
  {
    "node": "31ff214e19e1",
    "algorithm": "broadcast",
    "start_time": 1748423150.6761317,
    "receive_time": 1748423150.6761317
  },
  {
    "node": "89a1df3739d8",
    "algorithm": "broadcast",
    "start_time": 1748423150.841945,
    "receive_time": 1748423150.841945
  },
  {
    "node": "04af0c91808b",
    "algorithm": "broadcast",
    "start_time": 1748423150.8249335,
    "receive_time": 1748423150.8249335
  },
  {
    "node": "e6c1f223f02e",
    "algorithm": "broadcast",
    "start_time": 1748423150.6683567,
    "receive_time": 1748423150.6683567
  },
  {
    "node": "da23eff57258",
    "algorithm": "broadcast",
    "start_time": 1748423150.666437,
    "receive_time": 1748423150.666437
  },
  {
    "node": "452689dd88f1",
    "algorithm": "broadcast",
    "start_time": 1748423150.8242455,
    "receive_time": 1748423150.8242455
  },
  {
    "node": "46be05de017b",
    "algorithm": "broadcast",
    "start_time": 1748423150.8260984,
    "receive_time": 1748423150.8260984
  },
  {
    "node": "027d35f05b0a",
    "algorithm": "broadcast",
    "start_time": 1748423150.8349066,
    "receive_time": 1748423150.8349066
  },
  {
    "node": "b364f843933f",
    "algorithm": "broadcast",
    "start_time": 1748423150.8319328,
    "receive_time": 1748423150.8319328
  },
  {
    "node": "f74bede6c176",
    "algorithm": "broadcast",
    "start_time": 1748423150.671479,
    "receive_time": 1748423150.671479
  },
  {
    "node": "b1626cdfa663",
    "algorithm": "broadcast",
    "start_time": 1748423150.8389015,
    "receive_time": 1748423150.8389015
  },
  {
    "node": "3e03c562dbb6",
    "algorithm": "broadcast",
    "start_time": 1748423150.6678197,
    "receive_time": 1748423150.6678197
  },
  {
    "node": "8dfd89e06f33",
    "algorithm": "broadcast",
    "start_time": 1748423150.8303962,
    "receive_time": 1748423150.8303962
  },
  {
    "node": "92c7003b2f2f",
    "algorithm": "broadcast",
    "start_time": 1748423150.839606,
    "receive_time": 1748423150.839606
  },
  {
    "node": "e7d2a2c88ef4",
    "algorithm": "broadcast",
    "start_time": 1748423150.8354814,
    "receive_time": 1748423150.8354814
  },
  {
    "node": "3848a968c445",
    "algorithm": "broadcast",
    "start_time": 1748423150.8343287,
    "receive_time": 1748423150.8343287
  },
  {
    "node": "cd77c5a7c20f",
    "algorithm": "broadcast",
    "start_time": 1748423150.8293538,
    "receive_time": 1748423150.8293538
  },
  {
    "node": "1bdd1eb2e6ab",
    "algorithm": "broadcast",
    "start_time": 1748423150.8401291,
    "receive_time": 1748423150.8401291
  },
  {
    "node": "8af7b443b2f2",
    "algorithm": "broadcast",
    "start_time": 1748423150.8493142,
    "receive_time": 1748423150.8493142
  },
  {
    "node": "ba96c697cd3d",
    "algorithm": "broadcast",
    "start_time": 1748423150.8263688,
    "receive_time": 1748423150.8263688
  },
  {
    "node": "d427144b1fe8",
    "algorithm": "broadcast",
    "start_time": 1748423150.8494017,
    "receive_time": 1748423150.8494017
  },
  {
    "node": "378a9f083ab2",
    "algorithm": "broadcast",
    "start_time": 1748423150.844965,
    "receive_time": 1748423150.844965
  },
  {
    "node": "d150a0a5b531",
    "algorithm": "broadcast",
    "start_time": 1748423150.8377802,
    "receive_time": 1748423150.8377802
  },
  {
    "node": "705bdd0ea3dc",
    "algorithm": "broadcast",
    "start_time": 1748423150.672523,
    "receive_time": 1748423150.672523
  },
  {
    "node": "d4d05e62bb98",
    "algorithm": "broadcast",
    "start_time": 1748423150.848883,
    "receive_time": 1748423150.848883
  },
  {
    "node": "1f94d6311fa9",
    "algorithm": "broadcast",
    "start_time": 1748423154.5585485,
    "receive_time": 1748423154.5585485
  }
]