[
  {
    "node": "6b9ef60b0596",
    "algorithm": "broadcast",
    "start_time": 1748424207.3941228,
    "receive_time": 1748424207.3941228
  },
  {
    "node": "da6cb52aa826",
    "algorithm": "broadcast",
    "start_time": 1748424207.4075203,
    "receive_time": 1748424207.4075203
  },
  {
    "node": "3e8dfeedc564",
    "algorithm": "broadcast",
    "start_time": 1748424207.419138,
    "receive_time": 1748424207.419138
  },
  {
    "node": "22d4f700310f",
    "algorithm": "broadcast",
    "start_time": 1748424207.4072707,
    "receive_time": 1748424207.4072707
  },
  {
    "node": "5e5044c59770",
    "algorithm": "broadcast",
    "start_time": 1748424207.3978407,
    "receive_time": 1748424207.3978407
  },
  {
    "node": "3a9cafef9fb8",
    "algorithm": "broadcast",
    "start_time": 1748424207.4156713,
    "receive_time": 1748424207.4156713
  },
  {
    "node": "04c937471034",
    "algorithm": "broadcast",
    "start_time": 1748424207.4053624,
    "receive_time": 1748424207.4053624
  },
  {
    "node": "c385de6da9ae",
    "algorithm": "broadcast",
    "start_time": 1748424207.3964574,
    "receive_time": 1748424207.3964574
  },
  {
    "node": "aece288646b9",
    "algorithm": "broadcast",
    "start_time": 1748424207.4108992,
    "receive_time": 1748424207.4108992
  },
  {
    "node": "9a6be248e338",
    "algorithm": "broadcast",
    "start_time": 1748424207.4082685,
    "receive_time": 1748424207.4082685
  },
  {
    "node": "7dfb34b7c318",
    "algorithm": "broadcast",
    "start_time": 1748424207.4156334,
    "receive_time": 1748424207.4156334
  },
  {
    "node": "63f9fece7348",
    "algorithm": "broadcast",
    "start_time": 1748424207.4167128,
    "receive_time": 1748424207.4167128
  },
  {
    "node": "c2a140fe7bd8",
    "algorithm": "broadcast",
    "start_time": 1748424207.3964825,
    "receive_time": 1748424207.3964825
  },
  {
    "node": "62f680aaf6a8",
    "algorithm": "broadcast",
    "start_time": 1748424207.4188857,
    "receive_time": 1748424207.4188857
  },
  {
    "node": "6a5ed17692de",
    "algorithm": "broadcast",
    "start_time": 1748424207.407781,
    "receive_time": 1748424207.407781
  },
  {
    "node": "8068dcbbef25",
    "algorithm": "broadcast",
    "start_time": 1748424207.4024591,
    "receive_time": 1748424207.4024591
  },
  {
    "node": "bb8e138a8213",
    "algorithm": "broadcast",
    "start_time": 1748424207.4041896,
    "receive_time": 1748424207.4041896
  },
  {
    "node": "c51a259c5e32",
    "algorithm": "broadcast",
    "start_time": 1748424207.4036064,
    "receive_time": 1748424207.4036064
  },
  {
    "node": "ad1afa3b770a",
    "algorithm": "broadcast",
    "start_time": 1748424207.4204073,
    "receive_time": 1748424207.4204073
  },
  {
    "node": "ea71f98e599e",
    "algorithm": "broadcast",
    "start_time": 1748424207.406189,
    "receive_time": 1748424207.406189
  },
  {
    "node": "30f51f15ec10",
    "algorithm": "broadcast",
    "start_time": 1748424207.4132495,
    "receive_time": 1748424207.4132495
  },
  {
    "node": "f1992dd4b699",
    "algorithm": "broadcast",
    "start_time": 1748424207.4066238,
    "receive_time": 1748424207.4066238
  },
  {
    "node": "05fff1ff0c09",
    "algorithm": "broadcast",
    "start_time": 1748424207.3940513,
    "receive_time": 1748424207.3940513
  },
  {
    "node": "d8473aca5bd2",
    "algorithm": "broadcast",
    "start_time": 1748424207.4121485,
    "receive_time": 1748424207.4121485
  },
  {
    "node": "c79412e8302a",
    "algorithm": "broadcast",
    "start_time": 1748424207.4085069,
    "receive_time": 1748424207.4085069
  },
  {
    "node": "5cc5acff4b01",
    "algorithm": "broadcast",
    "start_time": 1748424207.395904,
    "receive_time": 1748424207.395904
  },
  {
    "node": "4b1601381663",
    "algorithm": "broadcast",
    "start_time": 1748424207.4030051,
    "receive_time": 1748424207.4030051
  },
  {
    "node": "5c685166c0bc",
    "algorithm": "broadcast",
    "start_time": 1748424207.4198134,
    "receive_time": 1748424207.4198134
  },
  {
    "node": "2dd73f377c20",
    "algorithm": "broadcast",
    "start_time": 1748424207.4200501,
    "receive_time": 1748424207.4200501
  },
  {
    "node": "c9cf2563b214",
    "algorithm": "broadcast",
    "start_time": 1748424207.396823,
    "receive_time": 1748424207.396823
  },
  {
    "node": "f041e35f3b2e",
    "algorithm": "broadcast",
    "start_time": 1748424207.400991,
    "receive_time": 1748424207.400991
  },
  {
    "node": "3c952ea549ca",
    "algorithm": "broadcast",
    "start_time": 1748424207.393243,
    "receive_time": 1748424207.393243
  },
  {
    "node": "e38bb5520127",
    "algorithm": "broadcast",
    "start_time": 1748424207.417511,
    "receive_time": 1748424207.417511
  },
  {
    "node": "d126061811d7",
    "algorithm": "broadcast",
    "start_time": 1748424207.409077,
    "receive_time": 1748424207.409077
  },
  {
    "node": "a5147e4ecf61",
    "algorithm": "broadcast",
    "start_time": 1748424207.4218867,
    "receive_time": 1748424207.4218867
  },
  {
    "node": "42712bc13dee",
    "algorithm": "broadcast",
    "start_time": 1748424207.407652,
    "receive_time": 1748424207.407652
  },
  {
    "node": "9e772129676e",
    "algorithm": "broadcast",
    "start_time": 1748424207.3981547,
    "receive_time": 1748424207.3981547
  },
  {
    "node": "a4f85f1def79",
    "algorithm": "broadcast",
    "start_time": 1748424207.4056082,
    "receive_time": 1748424207.4056082
  },
  {
    "node": "2974bffe15b4",
    "algorithm": "broadcast",
    "start_time": 1748424207.4114847,
    "receive_time": 1748424207.4114847
  },
  {
    "node": "5a0e622388bf",
    "algorithm": "broadcast",
    "start_time": 1748424207.413008,
    "receive_time": 1748424207.413008
  },
  {
    "node": "4663c3c5694f",
    "algorithm": "broadcast",
    "start_time": 1748424207.418506,
    "receive_time": 1748424207.418506
  },
  {
    "node": "73d0a522ed8f",
    "algorithm": "broadcast",
    "start_time": 1748424207.3959634,
    "receive_time": 1748424207.3959634
  },
  {
    "node": "7c57a6d7b827",
    "algorithm": "broadcast",
    "start_time": 1748424207.4024684,
    "receive_time": 1748424207.4024684
  },
  {
    "node": "45bfacf1141f",
    "algorithm": "broadcast",
    "start_time": 1748424207.3949888,
    "receive_time": 1748424207.3949888
  },
  {
    "node": "bbc94e8ca9d9",
    "algorithm": "broadcast",
    "start_time": 1748424207.413256,
    "receive_time": 1748424207.413256
  },
  {
    "node": "7d7359c3ef1b",
    "algorithm": "broadcast",
    "start_time": 1748424207.4247284,
    "receive_time": 1748424207.4247284
  },
  {
    "node": "39aada127980",
    "algorithm": "broadcast",
    "start_time": 1748424207.4146903,
    "receive_time": 1748424207.4146903
  },
  {
    "node": "912ee5f6942d",
    "algorithm": "broadcast",
    "start_time": 1748424207.3916469,
    "receive_time": 1748424207.3916469
  },
  {
    "node": "4d092eb992a3",
    "algorithm": "broadcast",
    "start_time": 1748424207.3949037,
    "receive_time": 1748424207.3949037
  },
  {
    "node": "08ac5809cd9d",
    "algorithm": "broadcast",
    "start_time": 1748424207.4046803,
    "receive_time": 1748424207.4046803
  },
  {
    "node": "84cb38cff129",
    "algorithm": "broadcast",
    "start_time": 1748424207.4264994,
    "receive_time": 1748424207.4264994
  },
  {
    "node": "0e99de1cb809",
    "algorithm": "broadcast",
    "start_time": 1748424207.4033747,
    "receive_time": 1748424207.4033747
  },
  {
    "node": "fa5f6f383b5a",
    "algorithm": "broadcast",
    "start_time": 1748424207.413953,
    "receive_time": 1748424207.413953
  },
  {
    "node": "62bc0b51c9d0",
    "algorithm": "broadcast",
    "start_time": 1748424207.4174962,
    "receive_time": 1748424207.4174962
  },
  {
    "node": "f075b83fd9e7",
    "algorithm": "broadcast",
    "start_time": 1748424207.4164286,
    "receive_time": 1748424207.4164286
  },
  {
    "node": "cbb976db35d6",
    "algorithm": "broadcast",
    "start_time": 1748424207.3930237,
    "receive_time": 1748424207.3930237
  },
  {
    "node": "f03314373c02",
    "algorithm": "broadcast",
    "start_time": 1748424207.4149997,
    "receive_time": 1748424207.4149997
  },
  {
    "node": "5fc0e668eb2c",
    "algorithm": "broadcast",
    "start_time": 1748424207.4128568,
    "receive_time": 1748424207.4128568
  },
  {
    "node": "6d4bedfc3ca8",
    "algorithm": "broadcast",
    "start_time": 1748424207.408412,
    "receive_time": 1748424207.408412
  }
]