[
  {
    "node": "938fcb4ac6f0",
    "algorithm": "broadcast",
    "start_time": 1748427862.8785825,
    "receive_time": 1748427862.8785825
  },
  {
    "node": "0be1a68752dd",
    "algorithm": "broadcast",
    "start_time": 1748427862.8789928,
    "receive_time": 1748427862.8789928
  },
  {
    "node": "b1dbc717e890",
    "algorithm": "broadcast",
    "start_time": 1748427862.8798802,
    "receive_time": 1748427862.8798802
  },
  {
    "node": "6e6b67e30554",
    "algorithm": "broadcast",
    "start_time": 1748427862.8827398,
    "receive_time": 1748427862.8827398
  },
  {
    "node": "43733429502c",
    "algorithm": "broadcast",
    "start_time": 1748427862.88585,
    "receive_time": 1748427862.88585
  },
  {
    "node": "86eeace6d7dc",
    "algorithm": "broadcast",
    "start_time": 1748427862.8875594,
    "receive_time": 1748427862.8875594
  },
  {
    "node": "380b4462cdb5",
    "algorithm": "broadcast",
    "start_time": 1748427862.9052536,
    "receive_time": 1748427862.9052536
  },
  {
    "node": "3d7bc8c1f9c5",
    "algorithm": "broadcast",
    "start_time": 1748427862.9192603,
    "receive_time": 1748427862.9192603
  },
  {
    "node": "c2e67f37c880",
    "algorithm": "broadcast",
    "start_time": 1748427862.8830981,
    "receive_time": 1748427862.8830981
  },
  {
    "node": "257497bfc695",
    "algorithm": "broadcast",
    "start_time": 1748427862.8862987,
    "receive_time": 1748427862.8862987
  },
  {
    "node": "889dd7fbf148",
    "algorithm": "broadcast",
    "start_time": 1748427862.8820736,
    "receive_time": 1748427862.8820736
  },
  {
    "node": "3463df61ca16",
    "algorithm": "broadcast",
    "start_time": 1748427862.8810246,
    "receive_time": 1748427862.8810246
  },
  {
    "node": "f00b6a819e31",
    "algorithm": "broadcast",
    "start_time": 1748427862.9189212,
    "receive_time": 1748427862.9189212
  },
  {
    "node": "78967692d05a",
    "algorithm": "broadcast",
    "start_time": 1748427862.8845255,
    "receive_time": 1748427862.8845255
  },
  {
    "node": "9dfee044e9d3",
    "algorithm": "broadcast",
    "start_time": 1748427862.8930652,
    "receive_time": 1748427862.8930652
  },
  {
    "node": "e8f8cbbcb7f2",
    "algorithm": "broadcast",
    "start_time": 1748427862.8943918,
    "receive_time": 1748427862.8943918
  },
  {
    "node": "a1f2d567974d",
    "algorithm": "broadcast",
    "start_time": 1748427862.9181027,
    "receive_time": 1748427862.9181027
  },
  {
    "node": "333b44c72c9b",
    "algorithm": "broadcast",
    "start_time": 1748427862.9078991,
    "receive_time": 1748427862.9078991
  },
  {
    "node": "060932281f56",
    "algorithm": "broadcast",
    "start_time": 1748427862.92062,
    "receive_time": 1748427862.92062
  },
  {
    "node": "c825ff5d81a3",
    "algorithm": "broadcast",
    "start_time": 1748427862.8896883,
    "receive_time": 1748427862.8896883
  },
  {
    "node": "7747d08062c9",
    "algorithm": "broadcast",
    "start_time": 1748427862.9214814,
    "receive_time": 1748427862.9214814
  },
  {
    "node": "a8141636f0d8",
    "algorithm": "broadcast",
    "start_time": 1748427862.8919442,
    "receive_time": 1748427862.8919442
  },
  {
    "node": "9dcf16eb455e",
    "algorithm": "broadcast",
    "start_time": 1748427862.8911047,
    "receive_time": 1748427862.8911047
  },
  {
    "node": "0b1c550bc48b",
    "algorithm": "broadcast",
    "start_time": 1748427862.9098501,
    "receive_time": 1748427862.9098501
  },
  {
    "node": "d3d1108288dc",
    "algorithm": "broadcast",
    "start_time": 1748427862.8992257,
    "receive_time": 1748427862.8992257
  },
  {
    "node": "333aa300b5a7",
    "algorithm": "broadcast",
    "start_time": 1748427862.8887377,
    "receive_time": 1748427862.8887377
  },
  {
    "node": "874917ac1c4d",
    "algorithm": "broadcast",
    "start_time": 1748427862.8930817,
    "receive_time": 1748427862.8930817
  },
  {
    "node": "db7236065b61",
    "algorithm": "broadcast",
    "start_time": 1748427862.9061682,
    "receive_time": 1748427862.9061682
  },
  {
    "node": "cc10b39cab13",
    "algorithm": "broadcast",
    "start_time": 1748427862.9088125,
    "receive_time": 1748427862.9088125
  },
  {
    "node": "bad621a66344",
    "algorithm": "broadcast",
    "start_time": 1748427862.9199903,
    "receive_time": 1748427862.9199903
  },
  {
    "node": "0257c678bc8a",
    "algorithm": "broadcast",
    "start_time": 1748427862.9177413,
    "receive_time": 1748427862.9177413
  },
  {
    "node": "f9a86b11a573",
    "algorithm": "broadcast",
    "start_time": 1748427862.9213471,
    "receive_time": 1748427862.9213471
  },
  {
    "node": "e6a0f915ed76",
    "algorithm": "broadcast",
    "start_time": 1748427862.9111717,
    "receive_time": 1748427862.9111717
  },
  {
    "node": "800c750bde85",
    "algorithm": "broadcast",
    "start_time": 1748427862.9006393,
    "receive_time": 1748427862.9006393
  },
  {
    "node": "f18f0b30833a",
    "algorithm": "broadcast",
    "start_time": 1748427862.8901443,
    "receive_time": 1748427862.8901443
  },
  {
    "node": "97ac96e2bafc",
    "algorithm": "broadcast",
    "start_time": 1748427862.915856,
    "receive_time": 1748427862.915856
  },
  {
    "node": "f4c324bb2a64",
    "algorithm": "broadcast",
    "start_time": 1748427862.9166834,
    "receive_time": 1748427862.9166834
  }
]