[
  {
    "node": "3d185afeb769",
    "algorithm": "broadcast",
    "start_time": 1748425467.6728363,
    "receive_time": 1748425467.6728363
  },
  {
    "node": "b0c733e687f3",
    "algorithm": "broadcast",
    "start_time": 1748425467.6805673,
    "receive_time": 1748425467.6805673
  },
  {
    "node": "b26042c4e64e",
    "algorithm": "broadcast",
    "start_time": 1748425467.6552737,
    "receive_time": 1748425467.6552737
  },
  {
    "node": "38d967f7a647",
    "algorithm": "broadcast",
    "start_time": 1748425467.6657968,
    "receive_time": 1748425467.6657968
  },
  {
    "node": "8457516926d5",
    "algorithm": "broadcast",
    "start_time": 1748425467.6641214,
    "receive_time": 1748425467.6641214
  },
  {
    "node": "a9641781f0da",
    "algorithm": "broadcast",
    "start_time": 1748425467.6873777,
    "receive_time": 1748425467.6873777
  },
  {
    "node": "3b750e45a484",
    "algorithm": "broadcast",
    "start_time": 1748425467.6993017,
    "receive_time": 1748425467.6993017
  },
  {
    "node": "4e29d633836b",
    "algorithm": "broadcast",
    "start_time": 1748425467.6923761,
    "receive_time": 1748425467.6923761
  },
  {
    "node": "28a01f166b62",
    "algorithm": "broadcast",
    "start_time": 1748425467.6742356,
    "receive_time": 1748425467.6742356
  },
  {
    "node": "14b8d468bdb7",
    "algorithm": "broadcast",
    "start_time": 1748425467.6652496,
    "receive_time": 1748425467.6652496
  },
  {
    "node": "68c7b3580c0c",
    "algorithm": "broadcast",
    "start_time": 1748425467.6758113,
    "receive_time": 1748425467.6758113
  },
  {
    "node": "0e8a3f2510fe",
    "algorithm": "broadcast",
    "start_time": 1748425467.690564,
    "receive_time": 1748425467.690564
  },
  {
    "node": "3be3f61bc751",
    "algorithm": "broadcast",
    "start_time": 1748425467.6566992,
    "receive_time": 1748425467.6566992
  },
  {
    "node": "8632de926ba5",
    "algorithm": "broadcast",
    "start_time": 1748425467.676071,
    "receive_time": 1748425467.676071
  },
  {
    "node": "7c43992a0a0b",
    "algorithm": "broadcast",
    "start_time": 1748425467.6737652,
    "receive_time": 1748425467.6737652
  },
  {
    "node": "83aecb5cee13",
    "algorithm": "broadcast",
    "start_time": 1748425467.6839283,
    "receive_time": 1748425467.6839283
  },
  {
    "node": "657f4423aee5",
    "algorithm": "broadcast",
    "start_time": 1748425467.675681,
    "receive_time": 1748425467.675681
  },
  {
    "node": "b4309d609955",
    "algorithm": "broadcast",
    "start_time": 1748425467.6545858,
    "receive_time": 1748425467.6545858
  },
  {
    "node": "9bf8c14fd5cb",
    "algorithm": "broadcast",
    "start_time": 1748425467.6966465,
    "receive_time": 1748425467.6966465
  },
  {
    "node": "e8d524b319b1",
    "algorithm": "broadcast",
    "start_time": 1748425467.6702013,
    "receive_time": 1748425467.6702013
  },
  {
    "node": "963b1f4f0aa0",
    "algorithm": "broadcast",
    "start_time": 1748425467.662582,
    "receive_time": 1748425467.662582
  },
  {
    "node": "3a29f5dd976e",
    "algorithm": "broadcast",
    "start_time": 1748425467.68318,
    "receive_time": 1748425467.68318
  },
  {
    "node": "594420758a56",
    "algorithm": "broadcast",
    "start_time": 1748425467.7153344,
    "receive_time": 1748425467.7153344
  },
  {
    "node": "f114b45869a4",
    "algorithm": "broadcast",
    "start_time": 1748425467.7002199,
    "receive_time": 1748425467.7002199
  },
  {
    "node": "8fb9d4ca0729",
    "algorithm": "broadcast",
    "start_time": 1748425467.6912284,
    "receive_time": 1748425467.6912284
  },
  {
    "node": "f000ff69bc3f",
    "algorithm": "broadcast",
    "start_time": 1748425467.6804025,
    "receive_time": 1748425467.6804025
  },
  {
    "node": "ebe01c6fc9db",
    "algorithm": "broadcast",
    "start_time": 1748425467.713189,
    "receive_time": 1748425467.713189
  },
  {
    "node": "40b2d696fafa",
    "algorithm": "broadcast",
    "start_time": 1748425467.6555166,
    "receive_time": 1748425467.6555166
  },
  {
    "node": "318f18633215",
    "algorithm": "broadcast",
    "start_time": 1748425467.6880722,
    "receive_time": 1748425467.6880722
  },
  {
    "node": "ad4523bc4b95",
    "algorithm": "broadcast",
    "start_time": 1748425467.6857815,
    "receive_time": 1748425467.6857815
  },
  {
    "node": "d5e5249200d8",
    "algorithm": "broadcast",
    "start_time": 1748425467.7051218,
    "receive_time": 1748425467.7051218
  },
  {
    "node": "2f977a3de2f8",
    "algorithm": "broadcast",
    "start_time": 1748425467.6761286,
    "receive_time": 1748425467.6761286
  },
  {
    "node": "97edd2116bd7",
    "algorithm": "broadcast",
    "start_time": 1748425467.6852982,
    "receive_time": 1748425467.6852982
  },
  {
    "node": "993c19e40caa",
    "algorithm": "broadcast",
    "start_time": 1748425467.697292,
    "receive_time": 1748425467.697292
  },
  {
    "node": "7e7ef0e4039e",
    "algorithm": "broadcast",
    "start_time": 1748425467.6557221,
    "receive_time": 1748425467.6557221
  },
  {
    "node": "294b7b158207",
    "algorithm": "broadcast",
    "start_time": 1748425467.697984,
    "receive_time": 1748425467.697984
  },
  {
    "node": "4463e32ae92a",
    "algorithm": "broadcast",
    "start_time": 1748425467.6995385,
    "receive_time": 1748425467.6995385
  },
  {
    "node": "53ede84c3791",
    "algorithm": "broadcast",
    "start_time": 1748425467.6684227,
    "receive_time": 1748425467.6684227
  },
  {
    "node": "ab73b7628e6b",
    "algorithm": "broadcast",
    "start_time": 1748425467.688032,
    "receive_time": 1748425467.688032
  },
  {
    "node": "cdd26a9c3349",
    "algorithm": "broadcast",
    "start_time": 1748425467.7130587,
    "receive_time": 1748425467.7130587
  },
  {
    "node": "aec697c5d8aa",
    "algorithm": "broadcast",
    "start_time": 1748425467.6873922,
    "receive_time": 1748425467.6873922
  },
  {
    "node": "8e4e23984180",
    "algorithm": "broadcast",
    "start_time": 1748425467.6660094,
    "receive_time": 1748425467.6660094
  },
  {
    "node": "3688543262a6",
    "algorithm": "broadcast",
    "start_time": 1748425467.7126024,
    "receive_time": 1748425467.7126024
  },
  {
    "node": "84e4b7c9149b",
    "algorithm": "broadcast",
    "start_time": 1748425467.67671,
    "receive_time": 1748425467.67671
  },
  {
    "node": "b6edd6aa34c7",
    "algorithm": "broadcast",
    "start_time": 1748425467.6918254,
    "receive_time": 1748425467.6918254
  },
  {
    "node": "b3a87b4dfba8",
    "algorithm": "broadcast",
    "start_time": 1748425467.671368,
    "receive_time": 1748425467.671368
  },
  {
    "node": "68b6047e414f",
    "algorithm": "broadcast",
    "start_time": 1748425467.7145264,
    "receive_time": 1748425467.7145264
  },
  {
    "node": "1c1c2cbdc690",
    "algorithm": "broadcast",
    "start_time": 1748425467.6813753,
    "receive_time": 1748425467.6813753
  },
  {
    "node": "b561ece72b3d",
    "algorithm": "broadcast",
    "start_time": 1748425467.7041457,
    "receive_time": 1748425467.7041457
  },
  {
    "node": "875b4dd91fc0",
    "algorithm": "broadcast",
    "start_time": 1748425467.6621287,
    "receive_time": 1748425467.6621287
  },
  {
    "node": "957f73a14808",
    "algorithm": "broadcast",
    "start_time": 1748425467.6876788,
    "receive_time": 1748425467.6876788
  },
  {
    "node": "9bbbe6a526c5",
    "algorithm": "broadcast",
    "start_time": 1748425467.6694002,
    "receive_time": 1748425467.6694002
  },
  {
    "node": "59c369a7794a",
    "algorithm": "broadcast",
    "start_time": 1748425467.6638563,
    "receive_time": 1748425467.6638563
  },
  {
    "node": "87df74f33ab9",
    "algorithm": "broadcast",
    "start_time": 1748425467.6753619,
    "receive_time": 1748425467.6753619
  },
  {
    "node": "7ffbcba961d7",
    "algorithm": "broadcast",
    "start_time": 1748425467.686957,
    "receive_time": 1748425467.686957
  },
  {
    "node": "3c5446d37a7b",
    "algorithm": "broadcast",
    "start_time": 1748425529.1356206,
    "receive_time": 1748425529.1356206
  },
  {
    "node": "4de252d9a978",
    "algorithm": "broadcast",
    "start_time": 1748425529.140816,
    "receive_time": 1748425529.140816
  },
  {
    "node": "4fd81f6ba52c",
    "algorithm": "broadcast",
    "start_time": 1748425529.1363702,
    "receive_time": 1748425529.1363702
  },
  {
    "node": "f2244ed2f1bd",
    "algorithm": "broadcast",
    "start_time": 1748425529.1415935,
    "receive_time": 1748425529.1415935
  },
  {
    "node": "3630b17a6ed4",
    "algorithm": "broadcast",
    "start_time": 1748425529.137242,
    "receive_time": 1748425529.137242
  },
  {
    "node": "3793807b3a81",
    "algorithm": "broadcast",
    "start_time": 1748425529.1359239,
    "receive_time": 1748425529.1359239
  },
  {
    "node": "4f29ae7b6ed5",
    "algorithm": "broadcast",
    "start_time": 1748425529.1374943,
    "receive_time": 1748425529.1374943
  },
  {
    "node": "6845d1755efa",
    "algorithm": "broadcast",
    "start_time": 1748425529.1382065,
    "receive_time": 1748425529.1382065
  },
  {
    "node": "cf0f2e69e596",
    "algorithm": "broadcast",
    "start_time": 1748425529.1422184,
    "receive_time": 1748425529.1422184
  },
  {
    "node": "a835ac67b9bc",
    "algorithm": "broadcast",
    "start_time": 1748425529.143113,
    "receive_time": 1748425529.143113
  },
  {
    "node": "835ce18cb23f",
    "algorithm": "broadcast",
    "start_time": 1748425530.1488864,
    "receive_time": 1748425530.1488864
  },
  {
    "node": "0671760f5429",
    "algorithm": "broadcast",
    "start_time": 1748425530.1416874,
    "receive_time": 1748425530.1416874
  },
  {
    "node": "561befe78d78",
    "algorithm": "broadcast",
    "start_time": 1748425530.143761,
    "receive_time": 1748425530.143761
  },
  {
    "node": "ac3ea6e74b18",
    "algorithm": "broadcast",
    "start_time": 1748425530.1497462,
    "receive_time": 1748425530.1497462
  },
  {
    "node": "9e4c788f30af",
    "algorithm": "broadcast",
    "start_time": 1748425530.1479843,
    "receive_time": 1748425530.1479843
  },
  {
    "node": "8bf2d1a0f3d4",
    "algorithm": "broadcast",
    "start_time": 1748425530.145935,
    "receive_time": 1748425530.145935
  },
  {
    "node": "c8b9b5bf7847",
    "algorithm": "broadcast",
    "start_time": 1748425530.1447465,
    "receive_time": 1748425530.1447465
  },
  {
    "node": "5bd00c5ff292",
    "algorithm": "broadcast",
    "start_time": 1748425532.4057727,
    "receive_time": 1748425532.4057727
  },
  {
    "node": "e886e095c06d",
    "algorithm": "broadcast",
    "start_time": 1748425534.0720284,
    "receive_time": 1748425534.0720284
  },
  {
    "node": "365fe4ea91f8",
    "algorithm": "broadcast",
    "start_time": 1748425535.5604162,
    "receive_time": 1748425535.5604162
  },
  {
    "node": "8545862b64fd",
    "algorithm": "broadcast",
    "start_time": 1748425536.3477721,
    "receive_time": 1748425536.3477721
  },
  {
    "node": "0a4cac6b8ae0",
    "algorithm": "broadcast",
    "start_time": 1748425536.337948,
    "receive_time": 1748425536.337948
  },
  {
    "node": "26606766261f",
    "algorithm": "broadcast",
    "start_time": 1748425536.3524537,
    "receive_time": 1748425536.3524537
  },
  {
    "node": "bad23170f19d",
    "algorithm": "broadcast",
    "start_time": 1748425541.5027554,
    "receive_time": 1748425541.5027554
  },
  {
    "node": "c739366b9d0d",
    "algorithm": "broadcast",
    "start_time": 1748425544.1735086,
    "receive_time": 1748425544.1735086
  },
  {
    "node": "99cd54b3f843",
    "algorithm": "broadcast",
    "start_time": 1748425544.1719692,
    "receive_time": 1748425544.1719692
  },
  {
    "node": "c5e3a0f7d953",
    "algorithm": "broadcast",
    "start_time": 1748425547.835962,
    "receive_time": 1748425547.835962
  },
  {
    "node": "85d3afc991d8",
    "algorithm": "broadcast",
    "start_time": 1748425547.8366337,
    "receive_time": 1748425547.8366337
  },
  {
    "node": "94218b7227dc",
    "algorithm": "broadcast",
    "start_time": 1748425548.8168497,
    "receive_time": 1748425548.8168497
  },
  {
    "node": "96c962af24d0",
    "algorithm": "broadcast",
    "start_time": 1748425548.8118968,
    "receive_time": 1748425548.8118968
  },
  {
    "node": "c06789009fb9",
    "algorithm": "broadcast",
    "start_time": 1748425553.1940563,
    "receive_time": 1748425553.1940563
  },
  {
    "node": "fa9e7f7123d8",
    "algorithm": "broadcast",
    "start_time": 1748425572.4125881,
    "receive_time": 1748425572.4125881
  },
  {
    "node": "5f803ec7ec38",
    "algorithm": "broadcast",
    "start_time": 1748425572.4122896,
    "receive_time": 1748425572.4122896
  },
  {
    "node": "2c2ab693b1ec",
    "algorithm": "broadcast",
    "start_time": 1748425572.4120677,
    "receive_time": 1748425572.4120677
  },
  {
    "node": "f0cb426479be",
    "algorithm": "broadcast",
    "start_time": 1748425572.4128554,
    "receive_time": 1748425572.4128554
  }
]