[
  {
    "node": "836df65d01a1",
    "algorithm": "broadcast",
    "start_time": 1748423389.6234941,
    "receive_time": 1748423389.6234941
  },
  {
    "node": "34125070aa8d",
    "algorithm": "broadcast",
    "start_time": 1748423389.6292331,
    "receive_time": 1748423389.6292331
  },
  {
    "node": "17bdecf01c65",
    "algorithm": "broadcast",
    "start_time": 1748423389.6372037,
    "receive_time": 1748423389.6372037
  },
  {
    "node": "ea2cf6c1056c",
    "algorithm": "broadcast",
    "start_time": 1748423389.6276395,
    "receive_time": 1748423389.6276395
  },
  {
    "node": "41baf6e12276",
    "algorithm": "broadcast",
    "start_time": 1748423389.6250057,
    "receive_time": 1748423389.6250057
  },
  {
    "node": "e9e2b6f132b6",
    "algorithm": "broadcast",
    "start_time": 1748423389.627917,
    "receive_time": 1748423389.627917
  },
  {
    "node": "c786161aebf7",
    "algorithm": "broadcast",
    "start_time": 1748423389.6381526,
    "receive_time": 1748423389.6381526
  },
  {
    "node": "567081a17065",
    "algorithm": "broadcast",
    "start_time": 1748423389.6497679,
    "receive_time": 1748423389.6497679
  },
  {
    "node": "fa6e544bc389",
    "algorithm": "broadcast",
    "start_time": 1748423389.6265361,
    "receive_time": 1748423389.6265361
  },
  {
    "node": "642f37615c52",
    "algorithm": "broadcast",
    "start_time": 1748423389.6447375,
    "receive_time": 1748423389.6447375
  },
  {
    "node": "b03c34bca1e3",
    "algorithm": "broadcast",
    "start_time": 1748423389.640974,
    "receive_time": 1748423389.640974
  },
  {
    "node": "9f2a7cf04277",
    "algorithm": "broadcast",
    "start_time": 1748423389.627104,
    "receive_time": 1748423389.627104
  },
  {
    "node": "0afdd47c4d00",
    "algorithm": "broadcast",
    "start_time": 1748423389.6707582,
    "receive_time": 1748423389.6707582
  },
  {
    "node": "11c4a2245455",
    "algorithm": "broadcast",
    "start_time": 1748423389.6270888,
    "receive_time": 1748423389.6270888
  },
  {
    "node": "837419bb4429",
    "algorithm": "broadcast",
    "start_time": 1748423389.6491537,
    "receive_time": 1748423389.6491537
  },
  {
    "node": "c4cb19cd1331",
    "algorithm": "broadcast",
    "start_time": 1748423389.6276436,
    "receive_time": 1748423389.6276436
  },
  {
    "node": "8e96fc7aa583",
    "algorithm": "broadcast",
    "start_time": 1748423389.6486466,
    "receive_time": 1748423389.6486466
  },
  {
    "node": "33196724d8b3",
    "algorithm": "broadcast",
    "start_time": 1748423389.6698272,
    "receive_time": 1748423389.6698272
  },
  {
    "node": "99eeb993e246",
    "algorithm": "broadcast",
    "start_time": 1748423389.6338985,
    "receive_time": 1748423389.6338985
  },
  {
    "node": "f1e5b14fcddc",
    "algorithm": "broadcast",
    "start_time": 1748423389.6217546,
    "receive_time": 1748423389.6217546
  },
  {
    "node": "bab822819041",
    "algorithm": "broadcast",
    "start_time": 1748423389.6369052,
    "receive_time": 1748423389.6369052
  },
  {
    "node": "4623fe7d6052",
    "algorithm": "broadcast",
    "start_time": 1748423389.6495037,
    "receive_time": 1748423389.6495037
  },
  {
    "node": "0d4067087165",
    "algorithm": "broadcast",
    "start_time": 1748423389.651343,
    "receive_time": 1748423389.651343
  },
  {
    "node": "3e99c9889d54",
    "algorithm": "broadcast",
    "start_time": 1748423389.663433,
    "receive_time": 1748423389.663433
  },
  {
    "node": "f282b9e6d132",
    "algorithm": "broadcast",
    "start_time": 1748423389.625181,
    "receive_time": 1748423389.625181
  },
  {
    "node": "f221c68aa09e",
    "algorithm": "broadcast",
    "start_time": 1748423389.6313367,
    "receive_time": 1748423389.6313367
  },
  {
    "node": "e802c8a40793",
    "algorithm": "broadcast",
    "start_time": 1748423389.641859,
    "receive_time": 1748423389.641859
  },
  {
    "node": "4d693438e1a4",
    "algorithm": "broadcast",
    "start_time": 1748423389.6702018,
    "receive_time": 1748423389.6702018
  },
  {
    "node": "9c6cb6e518a2",
    "algorithm": "broadcast",
    "start_time": 1748423389.6430426,
    "receive_time": 1748423389.6430426
  },
  {
    "node": "4075ba42670b",
    "algorithm": "broadcast",
    "start_time": 1748423389.65538,
    "receive_time": 1748423389.65538
  },
  {
    "node": "1b1f97eadb5c",
    "algorithm": "broadcast",
    "start_time": 1748423389.6719072,
    "receive_time": 1748423389.6719072
  },
  {
    "node": "ba6475c9e97d",
    "algorithm": "broadcast",
    "start_time": 1748423389.6541798,
    "receive_time": 1748423389.6541798
  },
  {
    "node": "ddcbbf39ad6c",
    "algorithm": "broadcast",
    "start_time": 1748423389.6529808,
    "receive_time": 1748423389.6529808
  },
  {
    "node": "209e7c910905",
    "algorithm": "broadcast",
    "start_time": 1748423389.6224315,
    "receive_time": 1748423389.6224315
  },
  {
    "node": "851bcf1bd422",
    "algorithm": "broadcast",
    "start_time": 1748423389.6668484,
    "receive_time": 1748423389.6668484
  },
  {
    "node": "01bcbfd5415c",
    "algorithm": "broadcast",
    "start_time": 1748423389.6567185,
    "receive_time": 1748423389.6567185
  },
  {
    "node": "990306afbc35",
    "algorithm": "broadcast",
    "start_time": 1748423389.6539378,
    "receive_time": 1748423389.6539378
  },
  {
    "node": "151e34211899",
    "algorithm": "broadcast",
    "start_time": 1748423389.6240811,
    "receive_time": 1748423389.6240811
  },
  {
    "node": "5d911eac2d85",
    "algorithm": "broadcast",
    "start_time": 1748423389.6622486,
    "receive_time": 1748423389.6622486
  },
  {
    "node": "f3d92640620c",
    "algorithm": "broadcast",
    "start_time": 1748423389.6574469,
    "receive_time": 1748423389.6574469
  },
  {
    "node": "91c61cf617a7",
    "algorithm": "broadcast",
    "start_time": 1748423389.6416473,
    "receive_time": 1748423389.6416473
  },
  {
    "node": "45c63c35748e",
    "algorithm": "broadcast",
    "start_time": 1748423389.658575,
    "receive_time": 1748423389.658575
  },
  {
    "node": "73bae081784a",
    "algorithm": "broadcast",
    "start_time": 1748423389.6220858,
    "receive_time": 1748423389.6220858
  },
  {
    "node": "c2643a35cbe2",
    "algorithm": "broadcast",
    "start_time": 1748423389.647989,
    "receive_time": 1748423389.647989
  },
  {
    "node": "5cf4eada6dac",
    "algorithm": "broadcast",
    "start_time": 1748423389.6362138,
    "receive_time": 1748423389.6362138
  },
  {
    "node": "3ad5bd88d164",
    "algorithm": "broadcast",
    "start_time": 1748423389.6690817,
    "receive_time": 1748423389.6690817
  },
  {
    "node": "b4aae72792f4",
    "algorithm": "broadcast",
    "start_time": 1748423389.6590862,
    "receive_time": 1748423389.6590862
  },
  {
    "node": "ec53c9ee13d3",
    "algorithm": "broadcast",
    "start_time": 1748423389.6725495,
    "receive_time": 1748423389.6725495
  },
  {
    "node": "2ec144d205c1",
    "algorithm": "broadcast",
    "start_time": 1748423389.6387491,
    "receive_time": 1748423389.6387491
  },
  {
    "node": "87fa559d5cd4",
    "algorithm": "broadcast",
    "start_time": 1748423436.8602538,
    "receive_time": 1748423436.8602538
  },
  {
    "node": "80ff6973edf6",
    "algorithm": "broadcast",
    "start_time": 1748423439.0919893,
    "receive_time": 1748423439.0919893
  },
  {
    "node": "c14792e4220d",
    "algorithm": "broadcast",
    "start_time": 1748423439.0839107,
    "receive_time": 1748423439.0839107
  },
  {
    "node": "00b804450c45",
    "algorithm": "broadcast",
    "start_time": 1748423439.0813913,
    "receive_time": 1748423439.0813913
  },
  {
    "node": "a691849697f2",
    "algorithm": "broadcast",
    "start_time": 1748423439.0821826,
    "receive_time": 1748423439.0821826
  },
  {
    "node": "c3f0aacaa947",
    "algorithm": "broadcast",
    "start_time": 1748423439.0898988,
    "receive_time": 1748423439.0898988
  },
  {
    "node": "52405808d41a",
    "algorithm": "broadcast",
    "start_time": 1748423441.5142322,
    "receive_time": 1748423441.5142322
  },
  {
    "node": "30a7045266c3",
    "algorithm": "broadcast",
    "start_time": 1748423444.0212772,
    "receive_time": 1748423444.0212772
  },
  {
    "node": "70d092a2f830",
    "algorithm": "broadcast",
    "start_time": 1748423443.9785202,
    "receive_time": 1748423443.9785202
  },
  {
    "node": "6e91aa6d63f7",
    "algorithm": "broadcast",
    "start_time": 1748423439.0870082,
    "receive_time": 1748423439.0870082
  },
  {
    "node": "0403827865ac",
    "algorithm": "broadcast",
    "start_time": 1748423443.9888113,
    "receive_time": 1748423443.9888113
  },
  {
    "node": "daa2a447b789",
    "algorithm": "broadcast",
    "start_time": 1748423444.020504,
    "receive_time": 1748423444.020504
  },
  {
    "node": "0f719ec36f96",
    "algorithm": "broadcast",
    "start_time": 1748423439.8818603,
    "receive_time": 1748423439.8818603
  },
  {
    "node": "5aa71d366157",
    "algorithm": "broadcast",
    "start_time": 1748423439.0896826,
    "receive_time": 1748423439.0896826
  },
  {
    "node": "f241cf3e4d21",
    "algorithm": "broadcast",
    "start_time": 1748423446.9827025,
    "receive_time": 1748423446.9827025
  },
  {
    "node": "6639fbc523af",
    "algorithm": "broadcast",
    "start_time": 1748423446.9837804,
    "receive_time": 1748423446.9837804
  },
  {
    "node": "2611fe42338c",
    "algorithm": "broadcast",
    "start_time": 1748423446.9817955,
    "receive_time": 1748423446.9817955
  },
  {
    "node": "9b2efa0b9964",
    "algorithm": "broadcast",
    "start_time": 1748423442.564103,
    "receive_time": 1748423442.564103
  },
  {
    "node": "f38990f40169",
    "algorithm": "broadcast",
    "start_time": 1748423448.4559808,
    "receive_time": 1748423448.4559808
  },
  {
    "node": "12b70b605045",
    "algorithm": "broadcast",
    "start_time": 1748423459.464677,
    "receive_time": 1748423459.464677
  },
  {
    "node": "c3d470d34e20",
    "algorithm": "broadcast",
    "start_time": 1748423459.4653575,
    "receive_time": 1748423459.4653575
  },
  {
    "node": "a394cf1ace3b",
    "algorithm": "broadcast",
    "start_time": 1748423463.4660273,
    "receive_time": 1748423463.4660273
  },
  {
    "node": "1971a53d3262",
    "algorithm": "broadcast",
    "start_time": 1748423472.5695088,
    "receive_time": 1748423472.5695088
  },
  {
    "node": "bd7126748d5b",
    "algorithm": "broadcast",
    "start_time": 1748423472.5685024,
    "receive_time": 1748423472.5685024
  },
  {
    "node": "57c6cc92bae8",
    "algorithm": "broadcast",
    "start_time": 1748423472.5700185,
    "receive_time": 1748423472.5700185
  },
  {
    "node": "00bc85e099ad",
    "algorithm": "broadcast",
    "start_time": 1748423477.8411224,
    "receive_time": 1748423477.8411224
  },
  {
    "node": "6305da065998",
    "algorithm": "broadcast",
    "start_time": 1748423513.22046,
    "receive_time": 1748423513.22046
  },
  {
    "node": "df0ec34b9985",
    "algorithm": "broadcast",
    "start_time": 1748423513.2251337,
    "receive_time": 1748423513.2251337
  },
  {
    "node": "42206fd90d54",
    "algorithm": "broadcast",
    "start_time": 1748423515.3021028,
    "receive_time": 1748423515.3021028
  }
]