[
  {
    "node": "e1e055df1827",
    "algorithm": "broadcast",
    "start_time": 1748425803.2087417,
    "receive_time": 1748425803.2087417
  },
  {
    "node": "c8143afd14ef",
    "algorithm": "broadcast",
    "start_time": 1748425803.1974084,
    "receive_time": 1748425803.1974084
  },
  {
    "node": "70cba0d703db",
    "algorithm": "broadcast",
    "start_time": 1748425803.1818726,
    "receive_time": 1748425803.1818726
  },
  {
    "node": "6176de9945a5",
    "algorithm": "broadcast",
    "start_time": 1748425803.1943083,
    "receive_time": 1748425803.1943083
  },
  {
    "node": "d187d8b2fc83",
    "algorithm": "broadcast",
    "start_time": 1748425803.2094932,
    "receive_time": 1748425803.2094932
  },
  {
    "node": "a45660050119",
    "algorithm": "broadcast",
    "start_time": 1748425803.1828513,
    "receive_time": 1748425803.1828513
  },
  {
    "node": "2fe54ea2c0e4",
    "algorithm": "broadcast",
    "start_time": 1748425803.2001495,
    "receive_time": 1748425803.2001495
  },
  {
    "node": "484b1951a648",
    "algorithm": "broadcast",
    "start_time": 1748425803.1887465,
    "receive_time": 1748425803.1887465
  },
  {
    "node": "f272ef655c38",
    "algorithm": "broadcast",
    "start_time": 1748425803.1934323,
    "receive_time": 1748425803.1934323
  },
  {
    "node": "f165f64dffd6",
    "algorithm": "broadcast",
    "start_time": 1748425803.1784601,
    "receive_time": 1748425803.1784601
  },
  {
    "node": "ee13a01047fe",
    "algorithm": "broadcast",
    "start_time": 1748425803.2178097,
    "receive_time": 1748425803.2178097
  },
  {
    "node": "8f3f4d1f2342",
    "algorithm": "broadcast",
    "start_time": 1748425803.211395,
    "receive_time": 1748425803.211395
  },
  {
    "node": "16a30d8ca3a2",
    "algorithm": "broadcast",
    "start_time": 1748425803.196104,
    "receive_time": 1748425803.196104
  },
  {
    "node": "34a086cbe019",
    "algorithm": "broadcast",
    "start_time": 1748425803.2138116,
    "receive_time": 1748425803.2138116
  },
  {
    "node": "0917e5ab0151",
    "algorithm": "broadcast",
    "start_time": 1748425803.1842809,
    "receive_time": 1748425803.1842809
  },
  {
    "node": "09a8dec1ce83",
    "algorithm": "broadcast",
    "start_time": 1748425803.196961,
    "receive_time": 1748425803.196961
  },
  {
    "node": "0d12df06d0a0",
    "algorithm": "broadcast",
    "start_time": 1748425803.218137,
    "receive_time": 1748425803.218137
  },
  {
    "node": "60c4818a20b2",
    "algorithm": "broadcast",
    "start_time": 1748425803.1820014,
    "receive_time": 1748425803.1820014
  },
  {
    "node": "e52ebc961a13",
    "algorithm": "broadcast",
    "start_time": 1748425803.2156463,
    "receive_time": 1748425803.2156463
  },
  {
    "node": "28dd1e672de1",
    "algorithm": "broadcast",
    "start_time": 1748425803.179806,
    "receive_time": 1748425803.179806
  },
  {
    "node": "632d32f50180",
    "algorithm": "broadcast",
    "start_time": 1748425803.214754,
    "receive_time": 1748425803.214754
  },
  {
    "node": "ad898246040c",
    "algorithm": "broadcast",
    "start_time": 1748425803.1960247,
    "receive_time": 1748425803.1960247
  },
  {
    "node": "dd1d520f3d35",
    "algorithm": "broadcast",
    "start_time": 1748425803.1966577,
    "receive_time": 1748425803.1966577
  },
  {
    "node": "69abc980eab4",
    "algorithm": "broadcast",
    "start_time": 1748425803.1949997,
    "receive_time": 1748425803.1949997
  },
  {
    "node": "d68a85092b83",
    "algorithm": "broadcast",
    "start_time": 1748425803.1786165,
    "receive_time": 1748425803.1786165
  },
  {
    "node": "08cc46489265",
    "algorithm": "broadcast",
    "start_time": 1748425803.209767,
    "receive_time": 1748425803.209767
  },
  {
    "node": "4074fbfa5266",
    "algorithm": "broadcast",
    "start_time": 1748425803.2144003,
    "receive_time": 1748425803.2144003
  },
  {
    "node": "3c9ca79b6da5",
    "algorithm": "broadcast",
    "start_time": 1748425803.180446,
    "receive_time": 1748425803.180446
  },
  {
    "node": "10db617643e8",
    "algorithm": "broadcast",
    "start_time": 1748425803.2105844,
    "receive_time": 1748425803.2105844
  },
  {
    "node": "7b9c8328074c",
    "algorithm": "broadcast",
    "start_time": 1748425803.2139747,
    "receive_time": 1748425803.2139747
  },
  {
    "node": "70c53007060d",
    "algorithm": "broadcast",
    "start_time": 1748425803.2162545,
    "receive_time": 1748425803.2162545
  },
  {
    "node": "a40c96d17e5e",
    "algorithm": "broadcast",
    "start_time": 1748425803.2132425,
    "receive_time": 1748425803.2132425
  },
  {
    "node": "9b755fd58488",
    "algorithm": "broadcast",
    "start_time": 1748425803.1887226,
    "receive_time": 1748425803.1887226
  },
  {
    "node": "92895bfc0fff",
    "algorithm": "broadcast",
    "start_time": 1748425803.2091026,
    "receive_time": 1748425803.2091026
  },
  {
    "node": "6f46051e4657",
    "algorithm": "broadcast",
    "start_time": 1748425803.2185256,
    "receive_time": 1748425803.2185256
  },
  {
    "node": "bcc0ac45ff5c",
    "algorithm": "broadcast",
    "start_time": 1748425803.2158751,
    "receive_time": 1748425803.2158751
  },
  {
    "node": "07b0adac38b3",
    "algorithm": "broadcast",
    "start_time": 1748425803.1946347,
    "receive_time": 1748425803.1946347
  },
  {
    "node": "d59dfce2e530",
    "algorithm": "broadcast",
    "start_time": 1748425803.2148464,
    "receive_time": 1748425803.2148464
  },
  {
    "node": "15962f3a54a8",
    "algorithm": "broadcast",
    "start_time": 1748425803.2236867,
    "receive_time": 1748425803.2236867
  },
  {
    "node": "44dedbd2237c",
    "algorithm": "broadcast",
    "start_time": 1748425803.1961305,
    "receive_time": 1748425803.1961305
  },
  {
    "node": "99bc85c03323",
    "algorithm": "broadcast",
    "start_time": 1748425803.191803,
    "receive_time": 1748425803.191803
  },
  {
    "node": "032e9b354191",
    "algorithm": "broadcast",
    "start_time": 1748425803.2127101,
    "receive_time": 1748425803.2127101
  },
  {
    "node": "8e5641e380ad",
    "algorithm": "broadcast",
    "start_time": 1748425803.2009559,
    "receive_time": 1748425803.2009559
  },
  {
    "node": "9b019fc3d657",
    "algorithm": "broadcast",
    "start_time": 1748425803.223243,
    "receive_time": 1748425803.223243
  },
  {
    "node": "30eef06413e5",
    "algorithm": "broadcast",
    "start_time": 1748425803.211715,
    "receive_time": 1748425803.211715
  },
  {
    "node": "1555c4a49c5a",
    "algorithm": "broadcast",
    "start_time": 1748425803.1922276,
    "receive_time": 1748425803.1922276
  },
  {
    "node": "b64157d6d42a",
    "algorithm": "broadcast",
    "start_time": 1748425803.1780937,
    "receive_time": 1748425803.1780937
  },
  {
    "node": "2764f025af3e",
    "algorithm": "broadcast",
    "start_time": 1748425803.207543,
    "receive_time": 1748425803.207543
  },
  {
    "node": "8f27f2ba0bbe",
    "algorithm": "broadcast",
    "start_time": 1748425803.215162,
    "receive_time": 1748425803.215162
  },
  {
    "node": "6143e60c8585",
    "algorithm": "broadcast",
    "start_time": 1748425803.1949463,
    "receive_time": 1748425803.1949463
  },
  {
    "node": "21d59cd76e2e",
    "algorithm": "broadcast",
    "start_time": 1748425803.1956072,
    "receive_time": 1748425803.1956072
  },
  {
    "node": "5723379183b8",
    "algorithm": "broadcast",
    "start_time": 1748425803.1951404,
    "receive_time": 1748425803.1951404
  },
  {
    "node": "f7465b7803f6",
    "algorithm": "broadcast",
    "start_time": 1748425803.213575,
    "receive_time": 1748425803.213575
  }
]