[
  {
    "node": "2d665d0cc70a",
    "algorithm": "broadcast",
    "start_time": 1748425130.5318692,
    "receive_time": 1748425130.5318692
  },
  {
    "node": "2f9532974bcd",
    "algorithm": "broadcast",
    "start_time": 1748425130.5110686,
    "receive_time": 1748425130.5110686
  },
  {
    "node": "7e5cf9c78038",
    "algorithm": "broadcast",
    "start_time": 1748425130.5235183,
    "receive_time": 1748425130.5235183
  },
  {
    "node": "cd411ca23e14",
    "algorithm": "broadcast",
    "start_time": 1748425130.5339923,
    "receive_time": 1748425130.5339923
  },
  {
    "node": "6c583b10708d",
    "algorithm": "broadcast",
    "start_time": 1748425130.543308,
    "receive_time": 1748425130.543308
  },
  {
    "node": "e33de7a2bda8",
    "algorithm": "broadcast",
    "start_time": 1748425130.5090063,
    "receive_time": 1748425130.5090063
  },
  {
    "node": "8165abf33ada",
    "algorithm": "broadcast",
    "start_time": 1748425130.5310326,
    "receive_time": 1748425130.5310326
  },
  {
    "node": "5b950723932b",
    "algorithm": "broadcast",
    "start_time": 1748425130.523573,
    "receive_time": 1748425130.523573
  },
  {
    "node": "e95fc0b54bb7",
    "algorithm": "broadcast",
    "start_time": 1748425130.5281541,
    "receive_time": 1748425130.5281541
  },
  {
    "node": "077fff7163c2",
    "algorithm": "broadcast",
    "start_time": 1748425130.506819,
    "receive_time": 1748425130.506819
  },
  {
    "node": "55d2a8a7949c",
    "algorithm": "broadcast",
    "start_time": 1748425130.5247145,
    "receive_time": 1748425130.5247145
  },
  {
    "node": "0f2efbd030ef",
    "algorithm": "broadcast",
    "start_time": 1748425130.5248344,
    "receive_time": 1748425130.5248344
  },
  {
    "node": "0df811f4cc2e",
    "algorithm": "broadcast",
    "start_time": 1748425130.5276046,
    "receive_time": 1748425130.5276046
  },
  {
    "node": "78005c21207d",
    "algorithm": "broadcast",
    "start_time": 1748425130.5374014,
    "receive_time": 1748425130.5374014
  },
  {
    "node": "15f9a3aa37a6",
    "algorithm": "broadcast",
    "start_time": 1748425130.5270486,
    "receive_time": 1748425130.5270486
  },
  {
    "node": "1e359492b8a6",
    "algorithm": "broadcast",
    "start_time": 1748425130.5311804,
    "receive_time": 1748425130.5311804
  },
  {
    "node": "a013ceffde39",
    "algorithm": "broadcast",
    "start_time": 1748425130.5097654,
    "receive_time": 1748425130.5097654
  },
  {
    "node": "1af87b06ee4d",
    "algorithm": "broadcast",
    "start_time": 1748425130.508817,
    "receive_time": 1748425130.508817
  },
  {
    "node": "82450bdbfed7",
    "algorithm": "broadcast",
    "start_time": 1748425130.5121336,
    "receive_time": 1748425130.5121336
  },
  {
    "node": "3b49f1d42664",
    "algorithm": "broadcast",
    "start_time": 1748425130.5434089,
    "receive_time": 1748425130.5434089
  },
  {
    "node": "9bd526809191",
    "algorithm": "broadcast",
    "start_time": 1748425130.5280988,
    "receive_time": 1748425130.5280988
  },
  {
    "node": "1d0667811ea4",
    "algorithm": "broadcast",
    "start_time": 1748425130.5046623,
    "receive_time": 1748425130.5046623
  },
  {
    "node": "009113157edf",
    "algorithm": "broadcast",
    "start_time": 1748425130.5242085,
    "receive_time": 1748425130.5242085
  },
  {
    "node": "f21a1292b23f",
    "algorithm": "broadcast",
    "start_time": 1748425130.5101094,
    "receive_time": 1748425130.5101094
  },
  {
    "node": "d3be3db46837",
    "algorithm": "broadcast",
    "start_time": 1748425130.5242753,
    "receive_time": 1748425130.5242753
  },
  {
    "node": "d1790fb1a6f9",
    "algorithm": "broadcast",
    "start_time": 1748425130.5243168,
    "receive_time": 1748425130.5243168
  },
  {
    "node": "6469f4265004",
    "algorithm": "broadcast",
    "start_time": 1748425130.543189,
    "receive_time": 1748425130.543189
  },
  {
    "node": "4848d583487e",
    "algorithm": "broadcast",
    "start_time": 1748425130.5354397,
    "receive_time": 1748425130.5354397
  },
  {
    "node": "da6b1851405e",
    "algorithm": "broadcast",
    "start_time": 1748425130.5342,
    "receive_time": 1748425130.5342
  },
  {
    "node": "dcbf4b14a43a",
    "algorithm": "broadcast",
    "start_time": 1748425130.523606,
    "receive_time": 1748425130.523606
  },
  {
    "node": "353bbd84618f",
    "algorithm": "broadcast",
    "start_time": 1748425130.5292861,
    "receive_time": 1748425130.5292861
  },
  {
    "node": "110da8219c8c",
    "algorithm": "broadcast",
    "start_time": 1748425130.5240946,
    "receive_time": 1748425130.5240946
  },
  {
    "node": "b4f987cac809",
    "algorithm": "broadcast",
    "start_time": 1748425130.5305839,
    "receive_time": 1748425130.5305839
  },
  {
    "node": "db93d362c9f5",
    "algorithm": "broadcast",
    "start_time": 1748425130.5310755,
    "receive_time": 1748425130.5310755
  },
  {
    "node": "ec62547af46c",
    "algorithm": "broadcast",
    "start_time": 1748425130.5354114,
    "receive_time": 1748425130.5354114
  },
  {
    "node": "2e05e01e1d3b",
    "algorithm": "broadcast",
    "start_time": 1748425130.5237544,
    "receive_time": 1748425130.5237544
  },
  {
    "node": "b70e8c73ba2d",
    "algorithm": "broadcast",
    "start_time": 1748425130.5316098,
    "receive_time": 1748425130.5316098
  },
  {
    "node": "5bcaf104cf0f",
    "algorithm": "broadcast",
    "start_time": 1748425130.5335727,
    "receive_time": 1748425130.5335727
  },
  {
    "node": "f6e5b16cf3f1",
    "algorithm": "broadcast",
    "start_time": 1748425130.5236435,
    "receive_time": 1748425130.5236435
  },
  {
    "node": "2a4b18f16ea8",
    "algorithm": "broadcast",
    "start_time": 1748425130.5476055,
    "receive_time": 1748425130.5476055
  },
  {
    "node": "b3229da19ced",
    "algorithm": "broadcast",
    "start_time": 1748425130.5286818,
    "receive_time": 1748425130.5286818
  },
  {
    "node": "d94250132964",
    "algorithm": "broadcast",
    "start_time": 1748425130.5336473,
    "receive_time": 1748425130.5336473
  },
  {
    "node": "9e17b06839de",
    "algorithm": "broadcast",
    "start_time": 1748425130.5359216,
    "receive_time": 1748425130.5359216
  },
  {
    "node": "6c5a4200b44e",
    "algorithm": "broadcast",
    "start_time": 1748425130.53292,
    "receive_time": 1748425130.53292
  },
  {
    "node": "46d436ff2cd2",
    "algorithm": "broadcast",
    "start_time": 1748425130.5249064,
    "receive_time": 1748425130.5249064
  },
  {
    "node": "b64b8975aa7d",
    "algorithm": "broadcast",
    "start_time": 1748425130.5296192,
    "receive_time": 1748425130.5296192
  },
  {
    "node": "8a93e518d6bc",
    "algorithm": "broadcast",
    "start_time": 1748425130.5392435,
    "receive_time": 1748425130.5392435
  },
  {
    "node": "c5f5214080ec",
    "algorithm": "broadcast",
    "start_time": 1748425130.5409331,
    "receive_time": 1748425130.5409331
  },
  {
    "node": "280734d74f0d",
    "algorithm": "broadcast",
    "start_time": 1748425130.5294664,
    "receive_time": 1748425130.5294664
  },
  {
    "node": "6ce8d866b643",
    "algorithm": "broadcast",
    "start_time": 1748425130.5311992,
    "receive_time": 1748425130.5311992
  },
  {
    "node": "8cdc8eac308e",
    "algorithm": "broadcast",
    "start_time": 1748425130.544229,
    "receive_time": 1748425130.544229
  },
  {
    "node": "aa9677b666f9",
    "algorithm": "broadcast",
    "start_time": 1748425130.5301762,
    "receive_time": 1748425130.5301762
  },
  {
    "node": "73d825b1aa24",
    "algorithm": "broadcast",
    "start_time": 1748425130.5280879,
    "receive_time": 1748425130.5280879
  },
  {
    "node": "fedbb2e636ff",
    "algorithm": "broadcast",
    "start_time": 1748425130.5264156,
    "receive_time": 1748425130.5264156
  },
  {
    "node": "bd7e1efaeaf7",
    "algorithm": "broadcast",
    "start_time": 1748425130.52434,
    "receive_time": 1748425130.52434
  },
  {
    "node": "0b6c97a7495d",
    "algorithm": "broadcast",
    "start_time": 1748425130.5290074,
    "receive_time": 1748425130.5290074
  },
  {
    "node": "f686876225d0",
    "algorithm": "broadcast",
    "start_time": 1748425130.5236008,
    "receive_time": 1748425130.5236008
  },
  {
    "node": "3578eb0727f8",
    "algorithm": "broadcast",
    "start_time": 1748425130.535527,
    "receive_time": 1748425130.535527
  },
  {
    "node": "26427b0cdf49",
    "algorithm": "broadcast",
    "start_time": 1748425130.5269504,
    "receive_time": 1748425130.5269504
  },
  {
    "node": "e62c16a11f40",
    "algorithm": "broadcast",
    "start_time": 1748425160.3949234,
    "receive_time": 1748425160.3949234
  },
  {
    "node": "aae9616ec49c",
    "algorithm": "broadcast",
    "start_time": 1748425161.1770744,
    "receive_time": 1748425161.1770744
  },
  {
    "node": "3360a023fcc5",
    "algorithm": "broadcast",
    "start_time": 1748425162.4594216,
    "receive_time": 1748425162.4594216
  },
  {
    "node": "a2253ca888cd",
    "algorithm": "broadcast",
    "start_time": 1748425165.843391,
    "receive_time": 1748425165.843391
  },
  {
    "node": "8727a886aedc",
    "algorithm": "broadcast",
    "start_time": 1748425171.3309474,
    "receive_time": 1748425171.3309474
  },
  {
    "node": "bb02d3d3ca2f",
    "algorithm": "broadcast",
    "start_time": 1748425171.3304832,
    "receive_time": 1748425171.3304832
  },
  {
    "node": "d8f671ed31e8",
    "algorithm": "broadcast",
    "start_time": 1748425171.3320165,
    "receive_time": 1748425171.3320165
  },
  {
    "node": "4faaddca55c7",
    "algorithm": "broadcast",
    "start_time": 1748425174.3901846,
    "receive_time": 1748425174.3901846
  },
  {
    "node": "32bd54cb4e04",
    "algorithm": "broadcast",
    "start_time": 1748425177.0380764,
    "receive_time": 1748425177.0380764
  },
  {
    "node": "6da082995df0",
    "algorithm": "broadcast",
    "start_time": 1748425177.263559,
    "receive_time": 1748425177.263559
  },
  {
    "node": "fccff45ab7e9",
    "algorithm": "broadcast",
    "start_time": 1748425183.8248603,
    "receive_time": 1748425183.8248603
  },
  {
    "node": "cd6d3df522eb",
    "algorithm": "broadcast",
    "start_time": 1748425183.822098,
    "receive_time": 1748425183.822098
  },
  {
    "node": "6465b1414c89",
    "algorithm": "broadcast",
    "start_time": 1748425183.8217528,
    "receive_time": 1748425183.8217528
  },
  {
    "node": "71500a3e3195",
    "algorithm": "broadcast",
    "start_time": 1748425183.8231091,
    "receive_time": 1748425183.8231091
  },
  {
    "node": "39f6e33c66cd",
    "algorithm": "broadcast",
    "start_time": 1748425183.823257,
    "receive_time": 1748425183.823257
  },
  {
    "node": "d3230d1e5d8e",
    "algorithm": "broadcast",
    "start_time": 1748425183.818531,
    "receive_time": 1748425183.818531
  },
  {
    "node": "d30edb762afe",
    "algorithm": "broadcast",
    "start_time": 1748425183.819587,
    "receive_time": 1748425183.819587
  },
  {
    "node": "fd185bc5b8d0",
    "algorithm": "broadcast",
    "start_time": 1748425183.8237991,
    "receive_time": 1748425183.8237991
  },
  {
    "node": "cc827cfc773a",
    "algorithm": "broadcast",
    "start_time": 1748425183.822016,
    "receive_time": 1748425183.822016
  },
  {
    "node": "52a1d88934a4",
    "algorithm": "broadcast",
    "start_time": 1748425183.828297,
    "receive_time": 1748425183.828297
  },
  {
    "node": "3ec1cb70321d",
    "algorithm": "broadcast",
    "start_time": 1748425184.9313579,
    "receive_time": 1748425184.9313579
  },
  {
    "node": "3e13d6c3c576",
    "algorithm": "broadcast",
    "start_time": 1748425185.5213265,
    "receive_time": 1748425185.5213265
  },
  {
    "node": "b468ac55bf73",
    "algorithm": "broadcast",
    "start_time": 1748425186.1577504,
    "receive_time": 1748425186.1577504
  },
  {
    "node": "0967258728b4",
    "algorithm": "broadcast",
    "start_time": 1748425186.1504223,
    "receive_time": 1748425186.1504223
  },
  {
    "node": "c05b46123fc4",
    "algorithm": "broadcast",
    "start_time": 1748425187.580031,
    "receive_time": 1748425187.580031
  },
  {
    "node": "6ea75c620276",
    "algorithm": "broadcast",
    "start_time": 1748425187.5809226,
    "receive_time": 1748425187.5809226
  },
  {
    "node": "29671409c6e7",
    "algorithm": "broadcast",
    "start_time": 1748425187.5808203,
    "receive_time": 1748425187.5808203
  },
  {
    "node": "08da7d0c9dbb",
    "algorithm": "broadcast",
    "start_time": 1748425187.5811899,
    "receive_time": 1748425187.5811899
  },
  {
    "node": "7d77f1a6a117",
    "algorithm": "broadcast",
    "start_time": 1748425190.3490167,
    "receive_time": 1748425190.3490167
  },
  {
    "node": "45d2b0de8c25",
    "algorithm": "broadcast",
    "start_time": 1748425198.3759148,
    "receive_time": 1748425198.3759148
  },
  {
    "node": "ddb763f96b10",
    "algorithm": "broadcast",
    "start_time": 1748425216.414456,
    "receive_time": 1748425216.414456
  },
  {
    "node": "9457f42420ec",
    "algorithm": "broadcast",
    "start_time": 1748425217.9722693,
    "receive_time": 1748425217.9722693
  },
  {
    "node": "860341af1af9",
    "algorithm": "broadcast",
    "start_time": 1748425234.8470738,
    "receive_time": 1748425234.8470738
  }
]